source_filename,folder_family,inferred_environment,inferred_piece_family,inferred_turn_type,inferred_elevation_type,inferred_special_type,notes
StadiumAirship.png,Stadium,Stadium,elevation,,,platform,platform
StadiumAirshipDiag.png,Stadium,Stadium,elevation,diag,,platform,platform
StadiumBump1.png,Stadium,Stadium,elevation,,,slope,slope
StadiumBump1InGround.png,Stadium,Stadium,elevation,,,slope,slope
StadiumBump1Slope.png,Stadium,Stadium,elevation,,slope,slope,slope
StadiumBump1Tilt.png,Stadium,Stadium,elevation,,tilt,slope,slope
StadiumCheckpointRing2x1H.png,Stadium,Stadium,checkpoint,,,checkpoint,checkpoint
StadiumCheckpointRing2x1V.png,Stadium,Stadium,checkpoint,,,checkpoint,checkpoint
StadiumCheckpointRingHRoad.png,Stadium,Stadium,checkpoint,,,checkpoint,checkpoint
StadiumCheckpointRingV.png,Stadium,Stadium,checkpoint,,,checkpoint,checkpoint
StadiumCircuitBase.png,Stadium,Stadium,border,,,,circuit
StadiumCircuitBorderCornerIn.png,Stadium,Stadium,curve,,,curve,curve circuit
StadiumCircuitBorderCornerOut.png,Stadium,Stadium,curve,,,curve,curve circuit
StadiumCircuitBorderDiagIn.png,Stadium,Stadium,border,diag,,border,border circuit
StadiumCircuitBorderDiagOut.png,Stadium,Stadium,border,diag,,border,border circuit
StadiumCircuitBorderGTCurve2In.png,Stadium,Stadium,curve,,,gtcurve,gtcurve circuit
StadiumCircuitBorderGTCurve2Out.png,Stadium,Stadium,curve,,,gtcurve,gtcurve circuit
StadiumCircuitBorderGTCurve3In.png,Stadium,Stadium,curve,,,gtcurve,gtcurve circuit
StadiumCircuitBorderGTCurve3Out.png,Stadium,Stadium,curve,,,gtcurve,gtcurve circuit
StadiumCircuitBorderGTCurve4In.png,Stadium,Stadium,curve,,,gtcurve,gtcurve circuit
StadiumCircuitBorderGTCurve4Out.png,Stadium,Stadium,curve,,,gtcurve,gtcurve circuit
StadiumCircuitBorderSlopeCornerInLeftBottom.png,Stadium,Stadium,curve,left,slope,curve,curve circuit
StadiumCircuitBorderSlopeCornerInLeftTop.png,Stadium,Stadium,curve,left,slope,curve,curve circuit
StadiumCircuitBorderSlopeCornerInRightBottom.png,Stadium,Stadium,curve,right,slope,curve,curve circuit
StadiumCircuitBorderSlopeCornerInRightTop.png,Stadium,Stadium,curve,right,slope,curve,curve circuit
StadiumCircuitBorderSlopeCornerOutLeftBottom.png,Stadium,Stadium,curve,left,slope,curve,curve circuit
StadiumCircuitBorderSlopeCornerOutLeftTop.png,Stadium,Stadium,curve,left,slope,curve,curve circuit
StadiumCircuitBorderSlopeCornerOutRightBottom.png,Stadium,Stadium,curve,right,slope,curve,curve circuit
StadiumCircuitBorderSlopeCornerOutRightTop.png,Stadium,Stadium,curve,right,slope,curve,curve circuit
StadiumCircuitBorderSlopeDiagInLeftBottom.png,Stadium,Stadium,elevation,left,slope,slope,slope circuit
StadiumCircuitBorderSlopeDiagInLeftTop.png,Stadium,Stadium,elevation,left,slope,slope,slope circuit
StadiumCircuitBorderSlopeDiagInRightBottom.png,Stadium,Stadium,elevation,right,slope,slope,slope circuit
StadiumCircuitBorderSlopeDiagInRightTop.png,Stadium,Stadium,elevation,right,slope,slope,slope circuit
StadiumCircuitBorderSlopeDiagOutLeftBottom.png,Stadium,Stadium,elevation,left,slope,slope,slope circuit
StadiumCircuitBorderSlopeDiagOutLeftTop.png,Stadium,Stadium,elevation,left,slope,slope,slope circuit
StadiumCircuitBorderSlopeDiagOutRightBottom.png,Stadium,Stadium,elevation,right,slope,slope,slope circuit
StadiumCircuitBorderSlopeDiagOutRightTop.png,Stadium,Stadium,elevation,right,slope,slope,slope circuit
StadiumCircuitBorderSlopeEndLeft.png,Stadium,Stadium,elevation,left,slope,slope,slope circuit
StadiumCircuitBorderSlopeEndRight.png,Stadium,Stadium,elevation,right,slope,slope,slope circuit
StadiumCircuitBorderSlopeGTCurve2InLeftBottom.png,Stadium,Stadium,curve,left,slope,gtcurve,gtcurve circuit
StadiumCircuitBorderSlopeGTCurve2InLeftTop.png,Stadium,Stadium,curve,left,slope,gtcurve,gtcurve circuit
StadiumCircuitBorderSlopeGTCurve2InRightBottom.png,Stadium,Stadium,curve,right,slope,gtcurve,gtcurve circuit
StadiumCircuitBorderSlopeGTCurve2InRightTop.png,Stadium,Stadium,curve,right,slope,gtcurve,gtcurve circuit
StadiumCircuitBorderSlopeGTCurve2OutLeftBottom.png,Stadium,Stadium,curve,left,slope,gtcurve,gtcurve circuit
StadiumCircuitBorderSlopeGTCurve2OutLeftTop.png,Stadium,Stadium,curve,left,slope,gtcurve,gtcurve circuit
StadiumCircuitBorderSlopeGTCurve2OutRightBottom.png,Stadium,Stadium,curve,right,slope,gtcurve,gtcurve circuit
StadiumCircuitBorderSlopeGTCurve2OutRightTop.png,Stadium,Stadium,curve,right,slope,gtcurve,gtcurve circuit
StadiumCircuitBorderSlopeGTCurve3InLeftBottom.png,Stadium,Stadium,curve,left,slope,gtcurve,gtcurve circuit
StadiumCircuitBorderSlopeGTCurve3InLeftTop.png,Stadium,Stadium,curve,left,slope,gtcurve,gtcurve circuit
StadiumCircuitBorderSlopeGTCurve3InRightBottom.png,Stadium,Stadium,curve,right,slope,gtcurve,gtcurve circuit
StadiumCircuitBorderSlopeGTCurve3InRightTop.png,Stadium,Stadium,curve,right,slope,gtcurve,gtcurve circuit
StadiumCircuitBorderSlopeGTCurve3OutLeftBottom.png,Stadium,Stadium,curve,left,slope,gtcurve,gtcurve circuit
StadiumCircuitBorderSlopeGTCurve3OutLeftTop.png,Stadium,Stadium,curve,left,slope,gtcurve,gtcurve circuit
StadiumCircuitBorderSlopeGTCurve3OutRightBottom.png,Stadium,Stadium,curve,right,slope,gtcurve,gtcurve circuit
StadiumCircuitBorderSlopeGTCurve3OutRightTop.png,Stadium,Stadium,curve,right,slope,gtcurve,gtcurve circuit
StadiumCircuitBorderSlopeGTCurve4InLeftBottom.png,Stadium,Stadium,curve,left,slope,gtcurve,gtcurve circuit
StadiumCircuitBorderSlopeGTCurve4InLeftTop.png,Stadium,Stadium,curve,left,slope,gtcurve,gtcurve circuit
StadiumCircuitBorderSlopeGTCurve4InRightBottom.png,Stadium,Stadium,curve,right,slope,gtcurve,gtcurve circuit
StadiumCircuitBorderSlopeGTCurve4InRightTop.png,Stadium,Stadium,curve,right,slope,gtcurve,gtcurve circuit
StadiumCircuitBorderSlopeGTCurve4OutLeftBottom.png,Stadium,Stadium,curve,left,slope,gtcurve,gtcurve circuit
StadiumCircuitBorderSlopeGTCurve4OutLeftTop.png,Stadium,Stadium,curve,left,slope,gtcurve,gtcurve circuit
StadiumCircuitBorderSlopeGTCurve4OutRightBottom.png,Stadium,Stadium,curve,right,slope,gtcurve,gtcurve circuit
StadiumCircuitBorderSlopeGTCurve4OutRightTop.png,Stadium,Stadium,curve,right,slope,gtcurve,gtcurve circuit
StadiumCircuitBorderSlopeStartLeft.png,Stadium,Stadium,start_finish,left,slope,start,start circuit
StadiumCircuitBorderSlopeStartRight.png,Stadium,Stadium,start_finish,right,slope,start,start circuit
StadiumCircuitBorderSlopeStraightBottom.png,Stadium,Stadium,straight,,slope,straight,straight circuit
StadiumCircuitBorderSlopeStraightLeft.png,Stadium,Stadium,straight,left,slope,straight,straight circuit
StadiumCircuitBorderSlopeStraightRight.png,Stadium,Stadium,straight,right,slope,straight,straight circuit
StadiumCircuitBorderSlopeStraightTop.png,Stadium,Stadium,straight,,slope,straight,straight circuit
StadiumCircuitBorderStraight.png,Stadium,Stadium,straight,,,straight,straight circuit
StadiumCircuitBumpDown.png,Stadium,Stadium,elevation,,down,slope,slope circuit
StadiumCircuitBumper.png,Stadium,Stadium,elevation,,,slope,slope circuit
StadiumCircuitBumper2.png,Stadium,Stadium,elevation,,,slope,slope circuit
StadiumCircuitBumpUp.png,Stadium,Stadium,elevation,,up,slope,slope circuit
StadiumCircuitBumpUp2.png,Stadium,Stadium,elevation,,up,slope,slope circuit
StadiumCircuitForceAcceleration.png,Stadium,Stadium,special,,,boost,boost circuit
StadiumCircuitForceAccelerationSlope2Air.png,Stadium,Stadium,special,,slope,boost,boost circuit
StadiumCircuitFreeWheeling.png,Stadium,Stadium,border,,,,circuit
StadiumCircuitFreeWheelingSlope2Air.png,Stadium,Stadium,elevation,,slope,slope,slope circuit
StadiumCircuitHole.png,Stadium,Stadium,border,,,,circuit
StadiumCircuitLoopStart.png,Stadium,Stadium,start_finish,,,start,start circuit
StadiumCircuitLoopStartCorner.png,Stadium,Stadium,start_finish,,,start,start circuit
StadiumCircuitNoGrip.png,Stadium,Stadium,border,,,,circuit
StadiumCircuitNoGripSlope2Air.png,Stadium,Stadium,elevation,,slope,slope,slope circuit
StadiumCircuitNoSteering.png,Stadium,Stadium,border,,,,circuit
StadiumCircuitNoSteeringSlope2Air.png,Stadium,Stadium,elevation,,slope,slope,slope circuit
StadiumCircuitPillar1.png,Stadium,Stadium,border,,,,circuit
StadiumCircuitPillar2.png,Stadium,Stadium,border,,,,circuit
StadiumCircuitPillar3.png,Stadium,Stadium,border,,,,circuit
StadiumCircuitPillar5.png,Stadium,Stadium,border,,,,circuit
StadiumCircuitPillar6.png,Stadium,Stadium,border,,,,circuit
StadiumCircuitPillar7.png,Stadium,Stadium,border,,,,circuit
StadiumCircuitRampBig.png,Stadium,Stadium,ramp,,,ramp,ramp circuit
StadiumCircuitRampSmall1x05.png,Stadium,Stadium,ramp,,,ramp,ramp circuit
StadiumCircuitRampSmall1x1.png,Stadium,Stadium,ramp,,,ramp,ramp circuit
StadiumCircuitSlopeEnd.png,Stadium,Stadium,elevation,,slope,slope,slope circuit
StadiumCircuitSlopeStart.png,Stadium,Stadium,start_finish,,slope,start,start circuit
StadiumCircuitSlopeStraight.png,Stadium,Stadium,straight,,slope,straight,straight circuit
StadiumCircuitToRoadMain.png,Stadium,Stadium,border,,,,circuit
StadiumCircuitTurbo.png,Stadium,Stadium,special,,,boost,boost circuit
StadiumCircuitTurboDown.png,Stadium,Stadium,special,,down,boost,boost circuit
StadiumCircuitTurboLeft.png,Stadium,Stadium,special,left,,boost,boost circuit
StadiumCircuitTurboRight.png,Stadium,Stadium,special,right,,boost,boost circuit
StadiumCircuitTurboUp.png,Stadium,Stadium,special,,up,boost,boost circuit
StadiumControlCameraPub.png,Stadium,Stadium,decorative,,,deco,deco
StadiumControlLight.png,Stadium,Stadium,other,,,,
StadiumControlLightBase.png,Stadium,Stadium,other,,,,
StadiumControlRoadCamera.png,Stadium,Stadium,other,,,,
StadiumControlRoadGlass.png,Stadium,Stadium,other,,,,
StadiumControlRoadPub.png,Stadium,Stadium,decorative,,,deco,deco
StadiumDecoTowerA.png,Stadium,Stadium,decorative,,,deco,deco
StadiumDecoTowerB.png,Stadium,Stadium,decorative,,,deco,deco
StadiumDecoTowerBeam.png,Stadium,Stadium,decorative,,,deco,deco
StadiumDecoTowerC.png,Stadium,Stadium,decorative,,,deco,deco
StadiumDecoTowerCore.png,Stadium,Stadium,decorative,,,deco,deco
StadiumDecoTowerCore6.png,Stadium,Stadium,decorative,,,deco,deco
StadiumDecoTowerD.png,Stadium,Stadium,decorative,,,deco,deco
StadiumDirt.png,Stadium,Stadium,other,,,,
StadiumDirtBorder.png,Stadium,Stadium,border,,,border,border
StadiumDirtDeadendDoor.png,Stadium,Stadium,other,,,,
StadiumDirtDeadendSpot.png,Stadium,Stadium,other,,,,
StadiumDirtDeadendTent1.png,Stadium,Stadium,other,,,,
StadiumDirtHill.png,Stadium,Stadium,elevation,,,slope,slope
StadiumFabricCornerIn.png,Stadium,Stadium,curve,,,curve,curve
StadiumFabricCornerOut.png,Stadium,Stadium,curve,,,curve,curve
StadiumFabricCross1x1.png,Stadium,Stadium,other,,,,
StadiumFabricCross3x3.png,Stadium,Stadium,other,,,,
StadiumFabricCross3x3Screen.png,Stadium,Stadium,decorative,,,deco,deco
StadiumFabricPillarAir.png,Stadium,Stadium,other,,,,
StadiumFabricPillarAirScreen.png,Stadium,Stadium,decorative,,,deco,deco
StadiumFabricPillarCornerInAir.png,Stadium,Stadium,curve,,,curve,curve
StadiumFabricPillarScreenSmall.png,Stadium,Stadium,decorative,,,deco,deco
StadiumFabricRamp.png,Stadium,Stadium,ramp,,,ramp,ramp
StadiumFabricRampCornerIn.png,Stadium,Stadium,ramp,,,ramp,ramp
StadiumFabricRampCornerOut.png,Stadium,Stadium,ramp,,,ramp,ramp
StadiumFabricStraight1x1.png,Stadium,Stadium,straight,,,straight,straight
StadiumFabricStraight1x1Ramp.png,Stadium,Stadium,ramp,,,ramp,ramp
StadiumGrass.png,Stadium,Stadium,other,,,,
StadiumGrassBirds.png,Stadium,Stadium,other,,,,
StadiumGrassCheckpoint.png,Stadium,Stadium,checkpoint,,,checkpoint,checkpoint
StadiumHole.png,Stadium,Stadium,other,,,,
StadiumHolePillar.png,Stadium,Stadium,other,,,,
StadiumHolePillar2Front.png,Stadium,Stadium,other,,,,
StadiumHolePillar2Line.png,Stadium,Stadium,other,,,,
StadiumHolePillar3.png,Stadium,Stadium,other,,,,
StadiumHolePillarSlope.png,Stadium,Stadium,elevation,,slope,slope,slope
StadiumHolePillarTilt.png,Stadium,Stadium,elevation,,tilt,slope,slope
StadiumHoleSlope.png,Stadium,Stadium,elevation,,slope,slope,slope
StadiumHoleTilt.png,Stadium,Stadium,elevation,,tilt,slope,slope
StadiumInflatableAdvert.png,Stadium,Stadium,other,,,,
StadiumInflatableCactus.png,Stadium,Stadium,other,,,,
StadiumInflatableCastle.png,Stadium,Stadium,other,,,,
StadiumInflatableCastleBig.png,Stadium,Stadium,other,,,,
StadiumInflatableCastleDoor.png,Stadium,Stadium,other,,,,
StadiumInflatablePalmTree.png,Stadium,Stadium,decorative,,,deco,deco
StadiumInflatablePillar.png,Stadium,Stadium,other,,,,
StadiumInflatableSnowTree.png,Stadium,Stadium,decorative,,,deco,deco
StadiumInflatableSupport.png,Stadium,Stadium,other,,up,,
StadiumInflatableTube.png,Stadium,Stadium,special,,,pipe,pipe
StadiumLoopLeft.png,Stadium,Stadium,special,left,,loop,loop
StadiumLoopRight.png,Stadium,Stadium,special,right,,loop,loop
StadiumPlatformBiSlope2End.png,Stadium,Stadium,elevation,,slope,platform,platform
StadiumPlatformBiSlope2Start.png,Stadium,Stadium,start_finish,,slope,start,start
StadiumPlatformBiSlope2StartSmall.png,Stadium,Stadium,start_finish,,slope,start,start
StadiumPlatformBumper.png,Stadium,Stadium,elevation,,,platform,platform
StadiumPlatformBumper2.png,Stadium,Stadium,elevation,,,platform,platform
StadiumPlatformCheckpoint.png,Stadium,Stadium,checkpoint,,,checkpoint,checkpoint
StadiumPlatformCheckpointDown.png,Stadium,Stadium,checkpoint,,down,checkpoint,checkpoint
StadiumPlatformCheckpointLeft.png,Stadium,Stadium,checkpoint,left,,checkpoint,checkpoint
StadiumPlatformCheckpointRight.png,Stadium,Stadium,checkpoint,right,,checkpoint,checkpoint
StadiumPlatformCheckpointUp.png,Stadium,Stadium,checkpoint,,up,checkpoint,checkpoint
StadiumPlatformCornerWall1.png,Stadium,Stadium,curve,,,curve,curve
StadiumPlatformCornerWall2.png,Stadium,Stadium,curve,,,curve,curve
StadiumPlatformCornerWall4.png,Stadium,Stadium,curve,,,curve,curve
StadiumPlatformForceAcceleration.png,Stadium,Stadium,special,,,boost,boost
StadiumPlatformForceAccelerationSlope2.png,Stadium,Stadium,special,,slope,boost,boost
StadiumPlatformFW.png,Stadium,Stadium,elevation,,,platform,platform
StadiumPlatformFWSlope2.png,Stadium,Stadium,elevation,,slope,platform,platform
StadiumPlatformGridBumper.png,Stadium,Stadium,elevation,,,platform,platform
StadiumPlatformGridBumper2.png,Stadium,Stadium,elevation,,,platform,platform
StadiumPlatformGridCheckpoint.png,Stadium,Stadium,checkpoint,,,checkpoint,checkpoint
StadiumPlatformGridForceAcceleration.png,Stadium,Stadium,special,,,boost,boost
StadiumPlatformGridFW.png,Stadium,Stadium,elevation,,,platform,platform
StadiumPlatformGridNoGrip.png,Stadium,Stadium,elevation,,,platform,platform
StadiumPlatformGridNoSteering.png,Stadium,Stadium,elevation,,,platform,platform
StadiumPlatformGridStraight.png,Stadium,Stadium,straight,,,straight,straight
StadiumPlatformGridStraightBirds.png,Stadium,Stadium,straight,,,straight,straight
StadiumPlatformGridToCircuit.png,Stadium,Stadium,elevation,,,platform,platform circuit
StadiumPlatformGridTurbo.png,Stadium,Stadium,special,,,boost,boost
StadiumPlatformGTCurve2Wall1.png,Stadium,Stadium,curve,,,gtcurve,gtcurve
StadiumPlatformGTCurve2Wall2.png,Stadium,Stadium,curve,,,gtcurve,gtcurve
StadiumPlatformGTCurve2Wall4.png,Stadium,Stadium,curve,,,gtcurve,gtcurve
StadiumPlatformGTCurve3Wall1.png,Stadium,Stadium,curve,,,gtcurve,gtcurve
StadiumPlatformGTCurve3Wall2.png,Stadium,Stadium,curve,,,gtcurve,gtcurve
StadiumPlatformGTCurve3Wall4.png,Stadium,Stadium,curve,,,gtcurve,gtcurve
StadiumPlatformGTCurve4Wall1.png,Stadium,Stadium,curve,,,gtcurve,gtcurve
StadiumPlatformGTCurve4Wall2.png,Stadium,Stadium,curve,,,gtcurve,gtcurve
StadiumPlatformGTCurve4Wall4.png,Stadium,Stadium,curve,,,gtcurve,gtcurve
StadiumPlatformLoopEnd.png,Stadium,Stadium,special,,,loop,loop
StadiumPlatformLoopEndCorner.png,Stadium,Stadium,special,,,loop,loop
StadiumPlatformLoopStart.png,Stadium,Stadium,start_finish,,,start,start
StadiumPlatformLoopStartCorner.png,Stadium,Stadium,start_finish,,,start,start
StadiumPlatformMultilap.png,Stadium,Stadium,checkpoint,,,checkpoint,checkpoint
StadiumPlatformNoGrip.png,Stadium,Stadium,elevation,,,platform,platform
StadiumPlatformNoGripSlope2.png,Stadium,Stadium,elevation,,slope,platform,platform
StadiumPlatformNoSteering.png,Stadium,Stadium,elevation,,,platform,platform
StadiumPlatformNoSteeringSlope2.png,Stadium,Stadium,elevation,,slope,platform,platform
StadiumPlatformRoad.png,Stadium,Stadium,elevation,,,platform,platform
StadiumPlatformSlope2Straight.png,Stadium,Stadium,straight,,slope,straight,straight
StadiumPlatformToRoad.png,Stadium,Stadium,elevation,,,platform,platform
StadiumPlatformToRoad2.png,Stadium,Stadium,elevation,,,platform,platform
StadiumPlatformToRoad2Mirror.png,Stadium,Stadium,elevation,,,platform,platform
StadiumPlatformToRoadMain.png,Stadium,Stadium,elevation,,,platform,platform
StadiumPlatformTurbo.png,Stadium,Stadium,special,,,boost,boost
StadiumPlatformTurboDown.png,Stadium,Stadium,special,,down,boost,boost
StadiumPlatformTurboLeft.png,Stadium,Stadium,special,left,,boost,boost
StadiumPlatformTurboRight.png,Stadium,Stadium,special,right,,boost,boost
StadiumPlatformTurboUp.png,Stadium,Stadium,special,,up,boost,boost
StadiumPlatformWall1.png,Stadium,Stadium,elevation,,,platform,platform
StadiumPlatformWall1Birds.png,Stadium,Stadium,elevation,,,platform,platform
StadiumPlatformWall1Screen.png,Stadium,Stadium,elevation,,,platform,platform
StadiumPlatformWall2.png,Stadium,Stadium,elevation,,,platform,platform
StadiumPlatformWall2ForceAcceleration.png,Stadium,Stadium,special,,,boost,boost
StadiumPlatformWall2FreeWheeling.png,Stadium,Stadium,elevation,,,platform,platform
StadiumPlatformWall2NoGrip.png,Stadium,Stadium,elevation,,,platform,platform
StadiumPlatformWall2NoSteering.png,Stadium,Stadium,elevation,,,platform,platform
StadiumPlatformWall4.png,Stadium,Stadium,elevation,,,platform,platform
StadiumPlatformWallBorder.png,Stadium,Stadium,elevation,,,platform,platform
StadiumPlatformWallCheckpointH.png,Stadium,Stadium,checkpoint,,,checkpoint,checkpoint
StadiumPlatformWallCheckpointV.png,Stadium,Stadium,checkpoint,,,checkpoint,checkpoint
StadiumPlatformWallPub2.png,Stadium,Stadium,elevation,,,platform,platform
StadiumPodium.png,Stadium,Stadium,other,,,,
StadiumPool.png,Stadium,Stadium,other,,,,
StadiumPool2.png,Stadium,Stadium,other,,,,
StadiumRamp.png,Stadium,Stadium,ramp,,,ramp,ramp
StadiumRampLow.png,Stadium,Stadium,ramp,,,ramp,ramp
StadiumRoadDirt.png,Stadium,Stadium,other,,,,
StadiumRoadDirtCheckpoint.png,Stadium,Stadium,checkpoint,,,checkpoint,checkpoint
StadiumRoadDirtDiagonaleLeft.png,Stadium,Stadium,other,left,,,
StadiumRoadDirtDiagonaleRight.png,Stadium,Stadium,other,right,,,
StadiumRoadDirtFenceCorner.png,Stadium,Stadium,curve,,,curve,curve
StadiumRoadDirtFenceStraight.png,Stadium,Stadium,straight,,,straight,straight
StadiumRoadDirtForceAcceleration.png,Stadium,Stadium,special,,,boost,boost
StadiumRoadDirtFreeWheeling.png,Stadium,Stadium,other,,,,
StadiumRoadDirtGTCurve2.png,Stadium,Stadium,curve,,,gtcurve,gtcurve
StadiumRoadDirtGTCurve3.png,Stadium,Stadium,curve,,,gtcurve,gtcurve
StadiumRoadDirtGTCurve4.png,Stadium,Stadium,curve,,,gtcurve,gtcurve
StadiumRoadDirtHigh.png,Stadium,Stadium,other,,,,
StadiumRoadDirtHighCheckpoint.png,Stadium,Stadium,checkpoint,,,checkpoint,checkpoint
StadiumRoadDirtHighFenceCorner.png,Stadium,Stadium,curve,,,curve,curve
StadiumRoadDirtHighFenceStraight.png,Stadium,Stadium,straight,,,straight,straight
StadiumRoadDirtHighFenceStraightBirds.png,Stadium,Stadium,straight,,,straight,straight
StadiumRoadDirtHighForceAcceleration.png,Stadium,Stadium,special,,,boost,boost
StadiumRoadDirtHighFreeWheeling.png,Stadium,Stadium,other,,,,
StadiumRoadDirtHighGTCurve2.png,Stadium,Stadium,curve,,,gtcurve,gtcurve
StadiumRoadDirtHighGTCurve3.png,Stadium,Stadium,curve,,,gtcurve,gtcurve
StadiumRoadDirtHighGTCurve4.png,Stadium,Stadium,curve,,,gtcurve,gtcurve
StadiumRoadDirtHighMultiLap.png,Stadium,Stadium,checkpoint,,,checkpoint,checkpoint
StadiumRoadDirtHighNoGrip.png,Stadium,Stadium,other,,,,
StadiumRoadDirtHighNoSteering.png,Stadium,Stadium,other,,,,
StadiumRoadDirtHighToRoad.png,Stadium,Stadium,other,,,,
StadiumRoadDirtHighTurbo.png,Stadium,Stadium,special,,,boost,boost
StadiumRoadDirtHillSlope.png,Stadium,Stadium,elevation,,slope,slope,slope
StadiumRoadDirtHillSlope2.png,Stadium,Stadium,elevation,,slope,slope,slope
StadiumRoadDirtHillSlopeGT2.png,Stadium,Stadium,elevation,,slope,slope,slope
StadiumRoadDirtHillSlopeGT2Bis.png,Stadium,Stadium,elevation,,slope,slope,slope
StadiumRoadDirtHillTiltCheckpointLeft.png,Stadium,Stadium,checkpoint,left,tilt,checkpoint,checkpoint
StadiumRoadDirtHillTiltCheckpointRight.png,Stadium,Stadium,checkpoint,right,tilt,checkpoint,checkpoint
StadiumRoadDirtHillTiltCornerIn.png,Stadium,Stadium,curve,,tilt,curve,curve
StadiumRoadDirtHillTiltCornerLeft.png,Stadium,Stadium,curve,left,tilt,curve,curve
StadiumRoadDirtHillTiltCornerOut.png,Stadium,Stadium,curve,,tilt,curve,curve
StadiumRoadDirtHillTiltCornerRight.png,Stadium,Stadium,curve,right,tilt,curve,curve
StadiumRoadDirtHillTiltGTCurve3In.png,Stadium,Stadium,curve,,tilt,gtcurve,gtcurve
StadiumRoadDirtHillTiltGTCurve4In.png,Stadium,Stadium,curve,,tilt,gtcurve,gtcurve
StadiumRoadDirtHillTiltStraight.png,Stadium,Stadium,straight,,tilt,straight,straight
StadiumRoadDirtHillTiltToRoadLeft.png,Stadium,Stadium,elevation,left,tilt,slope,slope
StadiumRoadDirtHillTiltToRoadRight.png,Stadium,Stadium,elevation,right,tilt,slope,slope
StadiumRoadDirtHillTiltToRoadSlope.png,Stadium,Stadium,elevation,,slope,slope,slope
StadiumRoadDirtHillTiltToRoadSlopeMirror.png,Stadium,Stadium,elevation,,slope,slope,slope
StadiumRoadDirtHillTiltToRoadSlopeX2.png,Stadium,Stadium,elevation,,slope,slope,slope
StadiumRoadDirtHillTiltToRoadSlopeX2Mirror.png,Stadium,Stadium,elevation,,slope,slope,slope
StadiumRoadDirtHillTiltToRoadSlopeX4.png,Stadium,Stadium,elevation,,slope,slope,slope
StadiumRoadDirtHillTiltToRoadSlopeX4Mirror.png,Stadium,Stadium,elevation,,slope,slope,slope
StadiumRoadDirtHillWave.png,Stadium,Stadium,elevation,,,slope,slope
StadiumRoadDirtMultiLap.png,Stadium,Stadium,checkpoint,,,checkpoint,checkpoint
StadiumRoadDirtNoGrip.png,Stadium,Stadium,other,,,,
StadiumRoadDirtNoSteering.png,Stadium,Stadium,other,,,,
StadiumRoadDirtStraightBirds.png,Stadium,Stadium,straight,,,straight,straight
StadiumRoadDirtToRoad.png,Stadium,Stadium,other,,,,
StadiumRoadDirtToRoadB.png,Stadium,Stadium,other,,,,
StadiumRoadDirtToRoadDirtHigh.png,Stadium,Stadium,other,,,,
StadiumRoadDirtToRoadDirtHigh2.png,Stadium,Stadium,other,,,,
StadiumRoadDirtToRoadDirtHighBridge.png,Stadium,Stadium,bridge,,,bridge,bridge
StadiumRoadDirtToRoadDirtHighCross.png,Stadium,Stadium,other,,,,
StadiumRoadDirtToRoadGrass.png,Stadium,Stadium,other,,,,
StadiumRoadDirtTurbo.png,Stadium,Stadium,special,,,boost,boost
StadiumRoadDirtWave_x1.png,Stadium,Stadium,other,,,,
StadiumRoadDirtWave_x2.png,Stadium,Stadium,other,,,,
StadiumRoadMain.png,Stadium,Stadium,other,,,,
StadiumRoadMainBirds.png,Stadium,Stadium,other,,,,
StadiumRoadMainBiSlopeEnd.png,Stadium,Stadium,elevation,,slope,slope,slope
StadiumRoadMainBiSlopeStart.png,Stadium,Stadium,start_finish,,slope,start,start
StadiumRoadMainBumper.png,Stadium,Stadium,elevation,,,slope,slope
StadiumRoadMainBumper2.png,Stadium,Stadium,elevation,,,slope,slope
StadiumRoadMainCheckpoint.png,Stadium,Stadium,checkpoint,,,checkpoint,checkpoint
StadiumRoadMainCheckpointDown.png,Stadium,Stadium,checkpoint,,down,checkpoint,checkpoint
StadiumRoadMainCheckpointLeft.png,Stadium,Stadium,checkpoint,left,,checkpoint,checkpoint
StadiumRoadMainCheckpointRight.png,Stadium,Stadium,checkpoint,right,,checkpoint,checkpoint
StadiumRoadMainCheckpointUp.png,Stadium,Stadium,checkpoint,,up,checkpoint,checkpoint
StadiumRoadMainCorner.png,Stadium,Stadium,curve,,,curve,curve
StadiumRoadMainFinish.png,Stadium,Stadium,start_finish,,,start,start
StadiumRoadMainForceAcceleration.png,Stadium,Stadium,special,,,boost,boost
StadiumRoadMainForceAccelerationSlope.png,Stadium,Stadium,special,,slope,boost,boost
StadiumRoadMainForceAccelerationTilt.png,Stadium,Stadium,special,,tilt,boost,boost
StadiumRoadMainFW.png,Stadium,Stadium,other,,,,
StadiumRoadMainFWSlope.png,Stadium,Stadium,elevation,,slope,slope,slope
StadiumRoadMainFWTilt.png,Stadium,Stadium,elevation,,tilt,slope,slope
StadiumRoadMainGTCurve2.png,Stadium,Stadium,curve,,,gtcurve,gtcurve
StadiumRoadMainGTCurve3.png,Stadium,Stadium,curve,,,gtcurve,gtcurve
StadiumRoadMainGTCurve4.png,Stadium,Stadium,curve,,,gtcurve,gtcurve
StadiumRoadMainGTCurve5.png,Stadium,Stadium,curve,,,gtcurve,gtcurve
StadiumRoadMainGTDiag2x2.png,Stadium,Stadium,other,diag,,,
StadiumRoadMainGTDiag2x2Mirror.png,Stadium,Stadium,other,diag,,,
StadiumRoadMainGTDiag2x2Slope.png,Stadium,Stadium,elevation,diag,slope,slope,slope
StadiumRoadMainGTDiag2x2SlopeMirror.png,Stadium,Stadium,elevation,diag,slope,slope,slope
StadiumRoadMainGTDiag2x2Tilt.png,Stadium,Stadium,elevation,diag,tilt,slope,slope
StadiumRoadMainGTDiag2x2TiltMirror.png,Stadium,Stadium,elevation,diag,tilt,slope,slope
StadiumRoadMainGTDiag3x2.png,Stadium,Stadium,other,diag,,,
StadiumRoadMainGTDiag3x2Mirror.png,Stadium,Stadium,other,diag,,,
StadiumRoadMainGTDiag3x2Slope.png,Stadium,Stadium,elevation,diag,slope,slope,slope
StadiumRoadMainGTDiag3x2SlopeMirror.png,Stadium,Stadium,elevation,diag,slope,slope,slope
StadiumRoadMainGTDiag3x2Tilt.png,Stadium,Stadium,elevation,diag,tilt,slope,slope
StadiumRoadMainGTDiag3x2TiltMirror.png,Stadium,Stadium,elevation,diag,tilt,slope,slope
StadiumRoadMainGTDiag4x3.png,Stadium,Stadium,other,diag,,,
StadiumRoadMainGTDiag4x3Mirror.png,Stadium,Stadium,other,diag,,,
StadiumRoadMainGTDiag4x3Slope.png,Stadium,Stadium,elevation,diag,slope,slope,slope
StadiumRoadMainGTDiag4x3SlopeMirror.png,Stadium,Stadium,elevation,diag,slope,slope,slope
StadiumRoadMainInBeam.png,Stadium,Stadium,other,,,,
StadiumRoadMainInBeamSlope.png,Stadium,Stadium,elevation,,slope,slope,slope
StadiumRoadMainInBeamTilt.png,Stadium,Stadium,elevation,,tilt,slope,slope
StadiumRoadMainMultiLap.png,Stadium,Stadium,checkpoint,,,checkpoint,checkpoint
StadiumRoadMainNoGrip.png,Stadium,Stadium,other,,,,
StadiumRoadMainNoGripSlope.png,Stadium,Stadium,elevation,,slope,slope,slope
StadiumRoadMainNoGripTilt.png,Stadium,Stadium,elevation,,tilt,slope,slope
StadiumRoadMainNoSteering.png,Stadium,Stadium,other,,,,
StadiumRoadMainNoSteeringSlope.png,Stadium,Stadium,elevation,,slope,slope,slope
StadiumRoadMainNoSteeringTilt.png,Stadium,Stadium,elevation,,tilt,slope,slope
StadiumRoadMainSlopeBase.png,Stadium,Stadium,elevation,,slope,slope,slope
StadiumRoadMainSlopeBase1x2.png,Stadium,Stadium,elevation,,slope,slope,slope
StadiumRoadMainSlopeBase2.png,Stadium,Stadium,elevation,,slope,slope,slope
StadiumRoadMainSlopeStraight.png,Stadium,Stadium,straight,,slope,straight,straight
StadiumRoadMainSlopeUBottom.png,Stadium,Stadium,elevation,,slope,slope,slope
StadiumRoadMainSlopeUBottomInGround.png,Stadium,Stadium,elevation,,slope,slope,slope
StadiumRoadMainSlopeUTop.png,Stadium,Stadium,elevation,,slope,slope,slope
StadiumRoadMainStart.png,Stadium,Stadium,start_finish,,,start,start
StadiumRoadMainStraight.png,Stadium,Stadium,straight,,,straight,straight
StadiumRoadMainTurbo.png,Stadium,Stadium,special,,,boost,boost
StadiumRoadMainTurboDown.png,Stadium,Stadium,special,,down,boost,boost
StadiumRoadMainTurboLeft.png,Stadium,Stadium,special,left,,boost,boost
StadiumRoadMainTurboRight.png,Stadium,Stadium,special,right,,boost,boost
StadiumRoadMainTurboRoulette.png,Stadium,Stadium,special,,,boost,boost
StadiumRoadMainTurboRouletteDown.png,Stadium,Stadium,special,,down,boost,boost
StadiumRoadMainTurboRouletteLeft.png,Stadium,Stadium,special,left,,boost,boost
StadiumRoadMainTurboRouletteRight.png,Stadium,Stadium,special,right,,boost,boost
StadiumRoadMainTurboRouletteUp.png,Stadium,Stadium,special,,up,boost,boost
StadiumRoadMainTurboUp.png,Stadium,Stadium,special,,up,boost,boost
StadiumRoadMainXBeam.png,Stadium,Stadium,other,,,,
StadiumRoadMainXBeamSlope.png,Stadium,Stadium,elevation,,slope,slope,slope
StadiumRoadMainXBeamTilt.png,Stadium,Stadium,elevation,,tilt,slope,slope
StadiumRoadMainYShapedCurve2.png,Stadium,Stadium,curve,,,curve,curve
StadiumRoadMainYShapedDiag2.png,Stadium,Stadium,other,diag,,,
StadiumRoadMainYShapedDiag2SlopeDown.png,Stadium,Stadium,elevation,diag,down,slope,slope
StadiumRoadMainYShapedDiag2SlopeUp.png,Stadium,Stadium,elevation,diag,up,slope,slope
StadiumRoadStretch.png,Stadium,Stadium,other,,,,
StadiumRoadStretchSlope.png,Stadium,Stadium,elevation,,slope,slope,slope
StadiumRoadTiltCorner.png,Stadium,Stadium,curve,,tilt,curve,curve
StadiumRoadTiltCornerDownLeft.png,Stadium,Stadium,curve,left,down,curve,curve
StadiumRoadTiltCornerDownRight.png,Stadium,Stadium,curve,right,down,curve,curve
StadiumRoadTiltCornerUpLeft.png,Stadium,Stadium,curve,left,up,curve,curve
StadiumRoadTiltCornerUpRight.png,Stadium,Stadium,curve,right,up,curve,curve
StadiumRoadTiltGTCurve2.png,Stadium,Stadium,curve,,tilt,gtcurve,gtcurve
StadiumRoadTiltGTCurve2DownLeft.png,Stadium,Stadium,curve,left,down,gtcurve,gtcurve
StadiumRoadTiltGTCurve2DownRight.png,Stadium,Stadium,curve,right,down,gtcurve,gtcurve
StadiumRoadTiltGTCurve2UpLeft.png,Stadium,Stadium,curve,left,up,gtcurve,gtcurve
StadiumRoadTiltGTCurve2UpRight.png,Stadium,Stadium,curve,right,up,gtcurve,gtcurve
StadiumRoadTiltGTCurve3.png,Stadium,Stadium,curve,,tilt,gtcurve,gtcurve
StadiumRoadTiltGTCurve4.png,Stadium,Stadium,curve,,tilt,gtcurve,gtcurve
StadiumRoadTiltStraight.png,Stadium,Stadium,straight,,tilt,straight,straight
StadiumRoadTiltStraightBirds.png,Stadium,Stadium,straight,,tilt,straight,straight
StadiumRoadTiltTransition1Left.png,Stadium,Stadium,elevation,left,tilt,slope,slope
StadiumRoadTiltTransition1Right.png,Stadium,Stadium,elevation,right,tilt,slope,slope
StadiumRoadTiltTransition2CurveLeft.png,Stadium,Stadium,curve,left,tilt,curve,curve
StadiumRoadTiltTransition2CurveRight.png,Stadium,Stadium,curve,right,tilt,curve,curve
StadiumRoadTiltTransition2DiagLeft.png,Stadium,Stadium,elevation,left,tilt,slope,slope
StadiumRoadTiltTransition2DiagRight.png,Stadium,Stadium,elevation,right,tilt,slope,slope
StadiumRoadTiltTransition2Left.png,Stadium,Stadium,elevation,left,tilt,slope,slope
StadiumRoadTiltTransition2Right.png,Stadium,Stadium,elevation,right,tilt,slope,slope
StadiumSculptA.png,Stadium,Stadium,other,,,,
StadiumSculptArchRingEnd.png,Stadium,Stadium,other,,,,
StadiumSculptArchRingEndMirror.png,Stadium,Stadium,other,,,,
StadiumSculptArchRingStart.png,Stadium,Stadium,start_finish,,,start,start
StadiumSculptArchRingStartMirror.png,Stadium,Stadium,start_finish,,,start,start
StadiumSculptB.png,Stadium,Stadium,other,,,,
StadiumSculptBridgePillar.png,Stadium,Stadium,bridge,,,bridge,bridge
StadiumSculptBridgePillarMirror.png,Stadium,Stadium,bridge,,,bridge,bridge
StadiumSculptBridgeSlopeEnd.png,Stadium,Stadium,bridge,,slope,bridge,bridge
StadiumSculptBridgeSlopeEndMirror.png,Stadium,Stadium,bridge,,slope,bridge,bridge
StadiumSculptBridgeSlopeStart.png,Stadium,Stadium,start_finish,,slope,start,start
StadiumSculptBridgeSlopeStartMirror.png,Stadium,Stadium,start_finish,,slope,start,start
StadiumSculptBridgeStraight.png,Stadium,Stadium,bridge,,,bridge,bridge
StadiumSculptBridgeStraightSmall.png,Stadium,Stadium,bridge,,,bridge,bridge
StadiumSculptBridgeSuspendSlope2.png,Stadium,Stadium,bridge,,slope,bridge,bridge
StadiumSculptBridgeSuspendSlope2Mirror.png,Stadium,Stadium,bridge,,slope,bridge,bridge
StadiumSculptBridgeSuspendSlopeEnd.png,Stadium,Stadium,bridge,,slope,bridge,bridge
StadiumSculptBridgeSuspendSlopeEndMirror.png,Stadium,Stadium,bridge,,slope,bridge,bridge
StadiumSculptC.png,Stadium,Stadium,other,,,,
StadiumStretchTilt.png,Stadium,Stadium,elevation,,tilt,slope,slope
StadiumTrenchCheckpoint.png,Stadium,Stadium,checkpoint,,,checkpoint,checkpoint
StadiumTrenchCorner.png,Stadium,Stadium,curve,,,curve,curve
StadiumTrenchCross.png,Stadium,Stadium,other,,,,
StadiumTrenchCrossTunnel.png,Stadium,Stadium,tunnel,,,tunnel,tunnel
StadiumTrenchFreeWheeling.png,Stadium,Stadium,other,,,,
StadiumTrenchGTCurve2.png,Stadium,Stadium,curve,,,gtcurve,gtcurve
StadiumTrenchGTCurve2Tunnel.png,Stadium,Stadium,tunnel,,,tunnel,tunnel
StadiumTrenchGTCurve3.png,Stadium,Stadium,curve,,,gtcurve,gtcurve
StadiumTrenchGTCurve3Tunnel.png,Stadium,Stadium,tunnel,,,tunnel,tunnel
StadiumTrenchInPillar.png,Stadium,Stadium,other,,,,
StadiumTrenchMultiLap.png,Stadium,Stadium,checkpoint,,,checkpoint,checkpoint
StadiumTrenchStraight.png,Stadium,Stadium,straight,,,straight,straight
StadiumTrenchStraightScreen.png,Stadium,Stadium,straight,,,straight,straight
StadiumTrenchStraightTunnel.png,Stadium,Stadium,tunnel,,,tunnel,tunnel
StadiumTrenchToLoopStart.png,Stadium,Stadium,start_finish,,,start,start
StadiumTrenchToPlatformBiSlopeStart.png,Stadium,Stadium,start_finish,,slope,start,start
StadiumTrenchToRoadDirt.png,Stadium,Stadium,other,,,,
StadiumTrenchToRoadDirtX2.png,Stadium,Stadium,other,,,,
StadiumTrenchToRoadMain.png,Stadium,Stadium,other,,,,
StadiumTrenchToRoadMainBiSlopeStart.png,Stadium,Stadium,start_finish,,slope,start,start
StadiumTrenchToRoadMainX2.png,Stadium,Stadium,other,,,,
StadiumTrenchTurbo.png,Stadium,Stadium,special,,,boost,boost
StadiumTrenchXRoadMain.png,Stadium,Stadium,other,,,,
StadiumTube.png,Stadium,Stadium,special,,,pipe,pipe
StadiumTubeCurve1.png,Stadium,Stadium,special,,,pipe,pipe
StadiumTubeCurve2.png,Stadium,Stadium,special,,,pipe,pipe
StadiumTubePillar.png,Stadium,Stadium,special,,,pipe,pipe
StadiumTubePillarBranch.png,Stadium,Stadium,special,,,pipe,pipe
StadiumTubePillarBranch2.png,Stadium,Stadium,special,,,pipe,pipe
StadiumTubePillarBranch4.png,Stadium,Stadium,special,,,pipe,pipe
StadiumTubePillarCap.png,Stadium,Stadium,special,,,pipe,pipe
StadiumTubeRoad.png,Stadium,Stadium,special,,,pipe,pipe
StadiumTubeRoadCross.png,Stadium,Stadium,special,,,pipe,pipe
StadiumTubeRoadDown.png,Stadium,Stadium,special,,down,pipe,pipe
StadiumTubeRoadLightSystem.png,Stadium,Stadium,special,,,pipe,pipe
StadiumTubeRoadSoundSystem.png,Stadium,Stadium,special,,,pipe,pipe
StadiumTubeRoadUp.png,Stadium,Stadium,special,,up,pipe,pipe
StadiumTubeV1.png,Stadium,Stadium,special,,,pipe,pipe
StadiumTubeV4.png,Stadium,Stadium,special,,,pipe,pipe
StadiumTubeV8.png,Stadium,Stadium,special,,,pipe,pipe
StadiumTubeVDiag1.png,Stadium,Stadium,special,diag,,pipe,pipe
StadiumTubeVDiag16.png,Stadium,Stadium,special,diag,,pipe,pipe
StadiumTubeVDiag2.png,Stadium,Stadium,special,diag,,pipe,pipe
StadiumTubeVDiag4.png,Stadium,Stadium,special,diag,,pipe,pipe
StadiumTubeVDiag8.png,Stadium,Stadium,special,diag,,pipe,pipe
StadiumWater.png,Stadium,Stadium,other,,,,
StadiumWater2.png,Stadium,Stadium,other,,,,
ArenaBase.png,Valley,Valley,other,,,,
ArenaBaseCornerIn.png,Valley,Valley,curve,,,curve,curve
ArenaBaseSlopeBase.png,Valley,Valley,elevation,,slope,slope,slope
ArenaBaseSlopeEnd.png,Valley,Valley,elevation,,slope,slope,slope
ArenaBaseSlopeStart.png,Valley,Valley,start_finish,,slope,start,start
ArenaBaseSlopeStraight.png,Valley,Valley,straight,,slope,straight,straight
ArenaBaseSupport.png,Valley,Valley,other,,up,,
ArenaBaseToParkDown.png,Valley,Valley,other,,down,,
ArenaBaseToParkUp.png,Valley,Valley,other,,up,,
ArenaBaseToRoad4Way.png,Valley,Valley,other,,,,
ArenaBorderCornerIn.png,Valley,Valley,curve,,,curve,curve
ArenaBorderCornerOut.png,Valley,Valley,curve,,,curve,curve
ArenaBorderGTCurve2In.png,Valley,Valley,curve,,,gtcurve,gtcurve
ArenaBorderGTCurve2Out.png,Valley,Valley,curve,,,gtcurve,gtcurve
ArenaBorderGTCurve3In.png,Valley,Valley,curve,,,gtcurve,gtcurve
ArenaBorderGTCurve3Out.png,Valley,Valley,curve,,,gtcurve,gtcurve
ArenaBorderSmallCornerIn.png,Valley,Valley,curve,,,curve,curve
ArenaBorderSmallCornerOut.png,Valley,Valley,curve,,,curve,curve
ArenaBorderSmallGTCurve2In.png,Valley,Valley,curve,,,gtcurve,gtcurve
ArenaBorderSmallGTCurve2Out.png,Valley,Valley,curve,,,gtcurve,gtcurve
ArenaBorderSmallGTCurve3In.png,Valley,Valley,curve,,,gtcurve,gtcurve
ArenaBorderSmallGTCurve3Out.png,Valley,Valley,curve,,,gtcurve,gtcurve
ArenaBorderSmallLoopEndLeft.png,Valley,Valley,special,left,,loop,loop
ArenaBorderSmallLoopEndRight.png,Valley,Valley,special,right,,loop,loop
ArenaBorderSmallLoopSmallEndLeft.png,Valley,Valley,special,left,,loop,loop
ArenaBorderSmallLoopSmallEndRight.png,Valley,Valley,special,right,,loop,loop
ArenaBorderSmallLoopSmallStartLeft.png,Valley,Valley,start_finish,left,,start,start
ArenaBorderSmallLoopSmallStartRight.png,Valley,Valley,start_finish,right,,start,start
ArenaBorderSmallLoopStartLeft.png,Valley,Valley,start_finish,left,,start,start
ArenaBorderSmallLoopStartRight.png,Valley,Valley,start_finish,right,,start,start
ArenaBorderSmallLoopStraightLeft.png,Valley,Valley,special,left,,loop,loop
ArenaBorderSmallLoopStraightRight.png,Valley,Valley,special,right,,loop,loop
ArenaBorderSmallLoopStraightTop.png,Valley,Valley,special,,,loop,loop
ArenaBorderSmallSlopeBaseLeft.png,Valley,Valley,elevation,left,slope,slope,slope
ArenaBorderSmallSlopeBaseRight.png,Valley,Valley,elevation,right,slope,slope,slope
ArenaBorderSmallSlopeEndLeft.png,Valley,Valley,elevation,left,slope,slope,slope
ArenaBorderSmallSlopeEndRight.png,Valley,Valley,elevation,right,slope,slope,slope
ArenaBorderSmallSlopeStartLeft.png,Valley,Valley,start_finish,left,slope,start,start
ArenaBorderSmallSlopeStartRight.png,Valley,Valley,start_finish,right,slope,start,start
ArenaBorderSmallSlopeStraightLeft.png,Valley,Valley,straight,left,slope,straight,straight
ArenaBorderSmallSlopeStraightRight.png,Valley,Valley,straight,right,slope,straight,straight
ArenaBorderSmallStraight.png,Valley,Valley,straight,,,straight,straight
ArenaBorderSmallStraightOpen.png,Valley,Valley,straight,,,straight,straight
ArenaBorderSmallStraightOpenFence.png,Valley,Valley,straight,,,straight,straight
ArenaBorderStraight.png,Valley,Valley,straight,,,straight,straight
ArenaBorderStraightArch.png,Valley,Valley,straight,,,straight,straight
ArenaBorderStraightPilllar.png,Valley,Valley,straight,,,straight,straight
ArenaBorderToRoad4Way.png,Valley,Valley,border,,,border,border
ArenaCheckpointParkRoofBaseAir.png,Valley,Valley,checkpoint,,,checkpoint,checkpoint
ArenaCheckpointParkRoofLoopStraight2VAir.png,Valley,Valley,checkpoint,,,checkpoint,checkpoint
ArenaCheckpointParkRoofLoopStraight4HAir.png,Valley,Valley,checkpoint,,,checkpoint,checkpoint
ArenaCheckpointParkRoofSlopeLeft.png,Valley,Valley,checkpoint,left,slope,checkpoint,checkpoint
ArenaCheckpointParkRoofSlopeRight.png,Valley,Valley,checkpoint,right,slope,checkpoint,checkpoint
ArenaCheckpointParkRoofSlopeStraightDown.png,Valley,Valley,checkpoint,,down,checkpoint,checkpoint
ArenaCheckpointParkRoofSlopeStraightUp.png,Valley,Valley,checkpoint,,up,checkpoint,checkpoint
ArenaMultilapParkRoofBase.png,Valley,Valley,checkpoint,,,checkpoint,checkpoint
ArenaParkBase.png,Valley,Valley,other,,,,
ArenaParkBaseGrassCenter.png,Valley,Valley,other,,,,
ArenaParkBorderCornerOut.png,Valley,Valley,curve,,,curve,curve
ArenaParkBorderGTCurve2In.png,Valley,Valley,curve,,,gtcurve,gtcurve
ArenaParkBorderGTCurve2Out.png,Valley,Valley,curve,,,gtcurve,gtcurve
ArenaParkBorderGTCurve3In.png,Valley,Valley,curve,,,gtcurve,gtcurve
ArenaParkBorderGTCurve3Out.png,Valley,Valley,curve,,,gtcurve,gtcurve
ArenaParkBorderStraight.png,Valley,Valley,straight,,,straight,straight
ArenaParkBorderStraightOpen.png,Valley,Valley,straight,,,straight,straight
ArenaParkRoofBase.png,Valley,Valley,other,,,,
ArenaParkRoofBaseNoLights.png,Valley,Valley,other,,,,
ArenaParkRoofBaseSupport.png,Valley,Valley,other,,up,,
ArenaParkRoofBaseSupportPillar.png,Valley,Valley,other,,up,,
ArenaParkRoofFW.png,Valley,Valley,other,,,,
ArenaParkRoofFWSlopeLR.png,Valley,Valley,elevation,,slope,slope,slope
ArenaParkRoofFWSlopeUD.png,Valley,Valley,elevation,,slope,slope,slope
ArenaParkRoofLoop2GtCurve2.png,Valley,Valley,special,,,loop,loop
ArenaParkRoofLoop2GtCurve2ToPark.png,Valley,Valley,special,,,loop,loop
ArenaParkRoofLoop2GtCurve2ToRubber.png,Valley,Valley,special,,,loop,loop
ArenaParkRoofLoopEnd.png,Valley,Valley,special,,,loop,loop
ArenaParkRoofLoopEndSmall.png,Valley,Valley,special,,,loop,loop
ArenaParkRoofLoopStart.png,Valley,Valley,start_finish,,,start,start
ArenaParkRoofLoopStartSmall.png,Valley,Valley,start_finish,,,start,start
ArenaParkRoofLoopStraight1.png,Valley,Valley,special,,,loop,loop
ArenaParkRoofLoopStraight2.png,Valley,Valley,special,,,loop,loop
ArenaParkRoofLoopStraight4.png,Valley,Valley,special,,,loop,loop
ArenaParkRoofSlopeBase.png,Valley,Valley,elevation,,slope,slope,slope
ArenaParkRoofSlopeEnd.png,Valley,Valley,elevation,,slope,slope,slope
ArenaParkRoofSlopeStart.png,Valley,Valley,start_finish,,slope,start,start
ArenaParkRoofSlopeStraight.png,Valley,Valley,straight,,slope,straight,straight
ArenaParkRoofToRoad4Way.png,Valley,Valley,other,,,,
ArenaParkRoofTurbo.png,Valley,Valley,special,,,boost,boost
ArenaParkRoofTurboSlopeDown.png,Valley,Valley,special,,down,boost,boost
ArenaParkRoofTurboSlopeLeft.png,Valley,Valley,special,left,slope,boost,boost
ArenaParkRoofTurboSlopeRight.png,Valley,Valley,special,right,slope,boost,boost
ArenaParkRoofTurboSlopeUp.png,Valley,Valley,special,,up,boost,boost
ArenaParkSlopeBase.png,Valley,Valley,elevation,,slope,slope,slope
ArenaParkToRoad4Way.png,Valley,Valley,other,,,,
ArenaScreenBaseX1.png,Valley,Valley,decorative,,,deco,deco
ArenaScreenBaseX4.png,Valley,Valley,decorative,,,deco,deco
ArenaScreenBorderSmallStraight.png,Valley,Valley,straight,,,straight,straight
ArenaScreenBorderSmallStraightOpen.png,Valley,Valley,straight,,,straight,straight
ArenaScreenParkRoofLoopStraight1.png,Valley,Valley,special,,,loop,loop
ArenaSupport.png,Valley,Valley,other,,up,,
ArenaSupportPillar.png,Valley,Valley,other,,up,,
Cliff8HD.png,Valley,Valley,other,,,,
Cliff8HillCorner_6x7x8.png,Valley,Valley,curve,,,curve,curve
Cliff8SlopeCorner_6x7x8.png,Valley,Valley,curve,,slope,curve,curve
Cliff8SlopeCorner_6x7x8_Mirror.png,Valley,Valley,curve,,slope,curve,curve
Cliff8SlopeDiag_8x3x8.png,Valley,Valley,elevation,diag,slope,slope,slope
Cliff8SlopeDiag_8x3x8_Mirror.png,Valley,Valley,elevation,diag,slope,slope,slope
DecoAeolian.png,Valley,Valley,decorative,,,deco,deco
DecoBirds.png,Valley,Valley,decorative,,,deco,deco
DecoCastleBridgeLake.png,Valley,Valley,bridge,,,bridge,bridge
DecoCastleBridgeToRoad2WayLake.png,Valley,Valley,bridge,,,bridge,bridge
DecoCastleCenterCheckpointLake.png,Valley,Valley,checkpoint,,,checkpoint,checkpoint
DecoCastleCenterCornerSignLake.png,Valley,Valley,curve,,,curve,curve
DecoCastleCenterLake.png,Valley,Valley,decorative,,,deco,deco
DecoCastleCenterMultilapLake.png,Valley,Valley,checkpoint,,,checkpoint,checkpoint
DecoCastleCornerInWallLake.png,Valley,Valley,curve,,,curve,curve
DecoCastleCornerInWallRacingLake.png,Valley,Valley,curve,,,curve,curve
DecoCastleCornerTowerHouseLake.png,Valley,Valley,curve,,,curve,curve
DecoCastleCornerTowerHouseRacingLake.png,Valley,Valley,curve,,,curve,curve
DecoCastleCornerWallLake.png,Valley,Valley,curve,,,curve,curve
DecoCastleCornerWallRacingLake.png,Valley,Valley,curve,,,curve,curve
DecoCastleDeadendEntryLake.png,Valley,Valley,decorative,,,deco,deco
DecoCastleDeadendEntryRacingLake.png,Valley,Valley,decorative,,,deco,deco
DecoCastleDeadendTowerHouseLake.png,Valley,Valley,decorative,,,deco,deco
DecoCastleDeadendTowerHouseLakeMirror.png,Valley,Valley,decorative,,,deco,deco
DecoCastleDeadendWallCheckPointLeft.png,Valley,Valley,checkpoint,left,,checkpoint,checkpoint
DecoCastleDeadendWallCheckPointRight.png,Valley,Valley,checkpoint,right,,checkpoint,checkpoint
DecoCastleDeadendWallLake.png,Valley,Valley,decorative,,,deco,deco
DecoCastleDeadendWallRacingCheckPointLeft.png,Valley,Valley,checkpoint,left,,checkpoint,checkpoint
DecoCastleDeadendWallRacingCheckPointRight.png,Valley,Valley,checkpoint,right,,checkpoint,checkpoint
DecoCastleDeadendWallRacingLake.png,Valley,Valley,decorative,,,deco,deco
DecoCastleDeadendWallSlopeLakeLeft.png,Valley,Valley,elevation,left,slope,slope,slope
DecoCastleDeadendWallSlopeLakeRight.png,Valley,Valley,elevation,right,slope,slope,slope
DecoCastleEntryCheckPointIn.png,Valley,Valley,checkpoint,,,checkpoint,checkpoint
DecoCastleEntryCheckPointOut.png,Valley,Valley,checkpoint,,,checkpoint,checkpoint
DecoCastleGardenCheckpointLake.png,Valley,Valley,checkpoint,,,checkpoint,checkpoint
DecoCastleGardenCornerLake.png,Valley,Valley,curve,,,curve,curve
DecoCastleGardenCornerSignLake.png,Valley,Valley,curve,,,curve,curve
DecoCastleGardenDeadendLake.png,Valley,Valley,decorative,,,deco,deco
DecoCastleGardenFlowerCornerHalfInLake.png,Valley,Valley,curve,,,curve,curve
DecoCastleGardenFlowerCornerHalfOutLake.png,Valley,Valley,curve,,,curve,curve
DecoCastleGardenFlowerCornerLake.png,Valley,Valley,curve,,,curve,curve
DecoCastleGardenFlowerCornerSignLake.png,Valley,Valley,curve,,,curve,curve
DecoCastleGardenFlowerDeadendLake.png,Valley,Valley,decorative,,,deco,deco
DecoCastleGardenFlowerStraightHalfCheckpointLakeLeft.png,Valley,Valley,checkpoint,left,,checkpoint,checkpoint
DecoCastleGardenFlowerStraightHalfCheckpointLakeRight.png,Valley,Valley,checkpoint,right,,checkpoint,checkpoint
DecoCastleGardenFlowerStraightHalfLake.png,Valley,Valley,straight,,,straight,straight
DecoCastleGardenFlowerStraightLake.png,Valley,Valley,straight,,,straight,straight
DecoCastleGardenFlowerStraightx2CheckpointLake.png,Valley,Valley,checkpoint,,,checkpoint,checkpoint
DecoCastleGardenMultilapLake.png,Valley,Valley,checkpoint,,,checkpoint,checkpoint
DecoCastleGardenStraightLake.png,Valley,Valley,straight,,,straight,straight
DecoCastleGTCurve2InWallRacingLake.png,Valley,Valley,curve,,,gtcurve,gtcurve
DecoCastleGTCurve2WallRacingLake.png,Valley,Valley,curve,,,gtcurve,gtcurve
DecoChurch.png,Valley,Valley,decorative,,,deco,deco
DecoCliff8_Arch_2x1.png,Valley,Valley,decorative,,,deco,deco
DecoFarmA.png,Valley,Valley,decorative,,,deco,deco
DecoFarmB.png,Valley,Valley,decorative,,,deco,deco
DecoFarmC.png,Valley,Valley,decorative,,,deco,deco
DecoFarmD.png,Valley,Valley,decorative,,,deco,deco
DecoFarmE.png,Valley,Valley,decorative,,,deco,deco
DecoFarmF.png,Valley,Valley,decorative,,,deco,deco
DecoFarmG.png,Valley,Valley,decorative,,,deco,deco
DecoFarmGround.png,Valley,Valley,decorative,,,deco,deco
DecoFieldCornerEntry1x1.png,Valley,Valley,curve,,,curve,curve
DecoFieldDeadendEntry1x1.png,Valley,Valley,decorative,,,deco,deco
DecoFieldDeadendEntry1x1B.png,Valley,Valley,decorative,,,deco,deco
DecoFieldDeadendEntry2x1.png,Valley,Valley,decorative,,,deco,deco
DecoFieldDeadendEntry2x1B.png,Valley,Valley,decorative,,,deco,deco
DecoFieldStraw.png,Valley,Valley,decorative,,,deco,deco
DecoHomeBig.png,Valley,Valley,decorative,,,deco,deco
DecoHomeBigB.png,Valley,Valley,decorative,,,deco,deco
DecoHomeSmall.png,Valley,Valley,decorative,,,deco,deco
DecoHomeSmallSlopeA.png,Valley,Valley,elevation,,slope,slope,slope
DecoMayorHouse.png,Valley,Valley,decorative,,,deco,deco
DecoOldBusStop.png,Valley,Valley,decorative,,,deco,deco
DecoTerrainHD.png,Valley,Valley,decorative,,,deco,deco
DecoTrees.png,Valley,Valley,decorative,,,deco,deco
DecoTreesLake.png,Valley,Valley,decorative,,,deco,deco
DecoTreesMed.png,Valley,Valley,decorative,,,deco,deco
DecoTreesRiver.png,Valley,Valley,decorative,,,deco,deco
DecoTreesSmall.png,Valley,Valley,decorative,,,deco,deco
DecoWaterBridge.png,Valley,Valley,bridge,,,bridge,bridge
DecoWaterMill.png,Valley,Valley,decorative,,,deco,deco
ForestHill1.png,Valley,Valley,elevation,,,slope,slope
GrassCliff.png,Valley,Valley,other,,,,
GrassCliff2.png,Valley,Valley,other,,,,
GrassCliff4.png,Valley,Valley,other,,,,
GrassCliff8.png,Valley,Valley,other,,,,
GrassHill1.png,Valley,Valley,elevation,,,slope,slope
GrassToField.png,Valley,Valley,other,,,,
GrassToForest.png,Valley,Valley,other,,,,
HighwayBiSlopeEnd.png,Valley,Valley,elevation,,slope,slope,slope
HighwayBiSlopeStart.png,Valley,Valley,start_finish,,slope,start,start
HighwayBridgeGrass.png,Valley,Valley,bridge,,,bridge,bridge
HighwayBridgeGrassCliff2.png,Valley,Valley,bridge,,,bridge,bridge
HighwayBridgeGrassCliff4.png,Valley,Valley,bridge,,,bridge,bridge
HighwayBridgeGrassCliff8.png,Valley,Valley,bridge,,,bridge,bridge
HighwayBridgeGrassHills.png,Valley,Valley,bridge,,,bridge,bridge
HighwayEntryGrassSlopeBase2.png,Valley,Valley,elevation,,slope,slope,slope
HighwayGTCurve4.png,Valley,Valley,curve,,,gtcurve,gtcurve
HighwaySlopeStraight.png,Valley,Valley,straight,,slope,straight,straight
HighwayStraight.png,Valley,Valley,straight,,,straight,straight
HighwayStraightNoLights.png,Valley,Valley,straight,,,straight,straight
HighwayStraightSupport.png,Valley,Valley,straight,,up,straight,straight
HighwayStraightSupportPillar.png,Valley,Valley,straight,,up,straight,straight
HighwaySwitch.png,Valley,Valley,other,,,,
HighwaySwitchLeft.png,Valley,Valley,other,left,,,
HighwaySwitchRight.png,Valley,Valley,other,right,,,
LakeShore.png,Valley,Valley,other,,,,
OffRoadCheckpoint.png,Valley,Valley,checkpoint,,,checkpoint,checkpoint
OffRoadSignLeft.png,Valley,Valley,decorative,left,,deco,deco
OffRoadSignRight.png,Valley,Valley,decorative,right,,deco,deco
PodiumDirt.png,Valley,Valley,other,,,,
PodiumParking.png,Valley,Valley,other,,,,
PowerLinesStraight1x4.png,Valley,Valley,straight,,,straight,straight
PowerLinesStraight1x4x2.png,Valley,Valley,straight,,,straight,straight
PowerLinesStraight4x4.png,Valley,Valley,straight,,,straight,straight
RailTrackBridgeGrassCliff2.png,Valley,Valley,bridge,,,bridge,bridge
RailTrackBridgeGrassCliff4.png,Valley,Valley,bridge,,,bridge,bridge
RailTrackBridgeGrassCliff8.png,Valley,Valley,bridge,,,bridge,bridge
RailTrackGTCurve2.png,Valley,Valley,curve,,,gtcurve,gtcurve
RailTrackGTCurve3.png,Valley,Valley,curve,,,gtcurve,gtcurve
RailTrackGTCurve4.png,Valley,Valley,curve,,,gtcurve,gtcurve
RailTrackGTDiag2.png,Valley,Valley,border,diag,,border,border
RailTrackGTDiag2_Mirror.png,Valley,Valley,border,diag,,border,border
RailTrackGTDiag3.png,Valley,Valley,border,diag,,border,border
RailTrackGTDiag3_Mirror.png,Valley,Valley,border,diag,,border,border
RailTrackGTDiag4.png,Valley,Valley,border,diag,,border,border
RailTrackGTDiag4_Mirror.png,Valley,Valley,border,diag,,border,border
RailTrackSlope2Base3X1_GrassCliff2.png,Valley,Valley,elevation,,slope,slope,slope
RailTrackSlopeBase3X1_GrassHill.png,Valley,Valley,elevation,,slope,slope,slope
RailTrackSlopeBase6x1.png,Valley,Valley,elevation,,slope,slope,slope
RailTrackSlopeEnd6x1.png,Valley,Valley,elevation,,slope,slope,slope
RailTrackSlopeStart6x1.png,Valley,Valley,start_finish,,slope,start,start
RailTrackSlopeStraight2x1.png,Valley,Valley,straight,,slope,straight,straight
RailTrackStraight.png,Valley,Valley,straight,,,straight,straight
RailTrackTunnelEntry.png,Valley,Valley,tunnel,,,tunnel,tunnel
RailTrackTunnelEntryGrassCliff2.png,Valley,Valley,tunnel,,,tunnel,tunnel
RailTrackTunnelEntryGrassCliff4.png,Valley,Valley,tunnel,,,tunnel,tunnel
RailTrackTunnelEntryGrassCliff8.png,Valley,Valley,tunnel,,,tunnel,tunnel
RailTrackXRoad2Way.png,Valley,Valley,border,,,border,border
RailTrackXRoadDirtLarge.png,Valley,Valley,border,,,border,border
RailTrack_Bridge_GrassCliff8.png,Valley,Valley,bridge,,,bridge,bridge
RailTrack_Tunnel_EntryGrassCliff2.png,Valley,Valley,tunnel,,,tunnel,tunnel
RailTrack_Tunnel_EntryGrassCliff8.png,Valley,Valley,tunnel,,,tunnel,tunnel
RailTunnel_CheckPoint.png,Valley,Valley,checkpoint,,,checkpoint,checkpoint
RailTunnel_GTCurve2.png,Valley,Valley,tunnel,,,tunnel,tunnel
RailTunnel_GTCurve3.png,Valley,Valley,tunnel,,,tunnel,tunnel
RailTunnel_GTCurve4.png,Valley,Valley,tunnel,,,tunnel,tunnel
RailTunnel_GTDiag2.png,Valley,Valley,tunnel,diag,,tunnel,tunnel
RailTunnel_GTDiag2_Mirror.png,Valley,Valley,tunnel,diag,,tunnel,tunnel
RailTunnel_GTDiag3.png,Valley,Valley,tunnel,diag,,tunnel,tunnel
RailTunnel_GTDiag3_Mirror.png,Valley,Valley,tunnel,diag,,tunnel,tunnel
RailTunnel_GTDiag4.png,Valley,Valley,tunnel,diag,,tunnel,tunnel
RailTunnel_GTDiag4_Mirror.png,Valley,Valley,tunnel,diag,,tunnel,tunnel
RailTunnel_SlopeBase3x1.png,Valley,Valley,tunnel,,slope,tunnel,tunnel
RailTunnel_SlopeEnd3x1.png,Valley,Valley,tunnel,,slope,tunnel,tunnel
RailTunnel_SlopeStart3x1.png,Valley,Valley,start_finish,,slope,start,start
RailTunnel_SlopeStraight2x1.png,Valley,Valley,tunnel,,slope,tunnel,tunnel
RailTunnel_Straight.png,Valley,Valley,tunnel,,,tunnel,tunnel
Road2Way.png,Valley,Valley,other,,,,
Road2WayBiSlope.png,Valley,Valley,elevation,,slope,slope,slope
Road2WayBiSlopeEnd.png,Valley,Valley,elevation,,slope,slope,slope
Road2WayBiSlopeStart.png,Valley,Valley,start_finish,,slope,start,start
Road2WayBridgeGrass.png,Valley,Valley,bridge,,,bridge,bridge
Road2WayBridgeGrassCliff2.png,Valley,Valley,bridge,,,bridge,bridge
Road2WayBridgeGrassCliff4.png,Valley,Valley,bridge,,,bridge,bridge
Road2WayBridgeGrassCliff8.png,Valley,Valley,bridge,,,bridge,bridge
Road2WayBridgeGrassHills.png,Valley,Valley,bridge,,,bridge,bridge
Road2WayCheckpoint.png,Valley,Valley,checkpoint,,,checkpoint,checkpoint
Road2WayCheckpointSlopeDown.png,Valley,Valley,checkpoint,,down,checkpoint,checkpoint
Road2WayCheckpointSlopeUp.png,Valley,Valley,checkpoint,,up,checkpoint,checkpoint
Road2WayCliff2Curve3In_HillsLeft.png,Valley,Valley,curve,left,,curve,curve
Road2WayCliff2Curve3In_HillsRight.png,Valley,Valley,curve,right,,curve,curve
Road2WayCliff2Curve3Out_HillsLeft.png,Valley,Valley,curve,left,,curve,curve
Road2WayCliff2Curve3Out_HillsRight.png,Valley,Valley,curve,right,,curve,curve
Road2WayCliff2Curve3_Left.png,Valley,Valley,curve,left,,curve,curve
Road2WayCliff2Curve3_Right.png,Valley,Valley,curve,right,,curve,curve
Road2WayCliff2Straight3.png,Valley,Valley,straight,,,straight,straight
Road2WayCliff2Straight3_HillsLeft.png,Valley,Valley,straight,left,,straight,straight
Road2WayCliff2Straight3_HillsRight.png,Valley,Valley,straight,right,,straight,straight
Road2WayCliff4Curve3In_Left.png,Valley,Valley,curve,left,,curve,curve
Road2WayCliff4Curve3In_Right.png,Valley,Valley,curve,right,,curve,curve
Road2WayCliff4Curve3Out_Left.png,Valley,Valley,curve,left,,curve,curve
Road2WayCliff4Curve3Out_Right.png,Valley,Valley,curve,right,,curve,curve
Road2WayCliff4Side5_Left.png,Valley,Valley,other,left,,,
Road2WayCliff4Side5_Right.png,Valley,Valley,other,right,,,
Road2WayDiag2.png,Valley,Valley,other,diag,,,
Road2WayDiag2Mirror.png,Valley,Valley,other,diag,,,
Road2WayDiag3.png,Valley,Valley,other,diag,,,
Road2WayDiag3Mirror.png,Valley,Valley,other,diag,,,
Road2WayDiag4.png,Valley,Valley,other,diag,,,
Road2WayDiag4Mirror.png,Valley,Valley,other,diag,,,
Road2WayFinish.png,Valley,Valley,start_finish,,,start,start
Road2WayForestCheckpoint.png,Valley,Valley,checkpoint,,,checkpoint,checkpoint
Road2WayForestCorner.png,Valley,Valley,curve,,,curve,curve
Road2WayForestCross.png,Valley,Valley,other,,,,
Road2WayForestDeadend.png,Valley,Valley,other,,,,
Road2WayForestDiag2.png,Valley,Valley,other,diag,,,
Road2WayForestDiag2Mirror.png,Valley,Valley,other,diag,,,
Road2WayForestDiag3.png,Valley,Valley,other,diag,,,
Road2WayForestDiag3Mirror.png,Valley,Valley,other,diag,,,
Road2WayForestFinish.png,Valley,Valley,start_finish,,,start,start
Road2WayForestFW.png,Valley,Valley,other,,,,
Road2WayForestGTCurve2.png,Valley,Valley,curve,,,gtcurve,gtcurve
Road2WayForestGTCurve3.png,Valley,Valley,curve,,,gtcurve,gtcurve
Road2WayForestGTCurve3Field.png,Valley,Valley,curve,,,gtcurve,gtcurve
Road2WayForestMultilap.png,Valley,Valley,checkpoint,,,checkpoint,checkpoint
Road2WayForestSlopeBase2x1OnHill.png,Valley,Valley,elevation,,slope,slope,slope
Road2WayForestSlopeBase2x1Out.png,Valley,Valley,elevation,,slope,slope,slope
Road2WayForestSlopeBaseOnHill.png,Valley,Valley,elevation,,slope,slope,slope
Road2WayForestSlopeGTCurve2OnHill.png,Valley,Valley,curve,,slope,gtcurve,gtcurve
Road2WayForestSlopeGTCurve2OnHillMirror.png,Valley,Valley,curve,,slope,gtcurve,gtcurve
Road2WayForestSlopeStartOut.png,Valley,Valley,start_finish,,slope,start,start
Road2WayForestStart.png,Valley,Valley,start_finish,,,start,start
Road2WayForestStraight.png,Valley,Valley,straight,,,straight,straight
Road2WayForestStraightNarrow.png,Valley,Valley,straight,,,straight,straight
Road2WayForestStraightToRoad2Way.png,Valley,Valley,straight,,,straight,straight
Road2WayForestStraightToRoadDirtLarge.png,Valley,Valley,straight,,,straight,straight
Road2WayForestTetrisHill3x2.png,Valley,Valley,elevation,,,slope,slope
Road2WayForestTetrisHill3x2Mirror.png,Valley,Valley,elevation,,,slope,slope
Road2WayForestTShaped.png,Valley,Valley,other,,,,
Road2WayForestTurbo.png,Valley,Valley,special,,,boost,boost
Road2WayForestXRoadDirtLarge.png,Valley,Valley,other,,,,
Road2WayForestXRoadForestLarge.png,Valley,Valley,other,,,,
Road2WayFW.png,Valley,Valley,other,,,,
Road2WayFWSlope.png,Valley,Valley,elevation,,slope,slope,slope
Road2WayGTCurve2.png,Valley,Valley,curve,,,gtcurve,gtcurve
Road2WayGTCurve2Slope.png,Valley,Valley,curve,,slope,gtcurve,gtcurve
Road2WayGTCurve2SlopeEnd.png,Valley,Valley,curve,,slope,gtcurve,gtcurve
Road2WayGTCurve2SlopeEndMirror.png,Valley,Valley,curve,,slope,gtcurve,gtcurve
Road2WayGTCurve2SlopeMirror.png,Valley,Valley,curve,,slope,gtcurve,gtcurve
Road2WayGTCurve2SlopeStart.png,Valley,Valley,start_finish,,slope,start,start
Road2WayGTCurve2SlopeStartMirror.png,Valley,Valley,start_finish,,slope,start,start
Road2WayGTCurve3.png,Valley,Valley,curve,,,gtcurve,gtcurve
Road2WayGTCurve4.png,Valley,Valley,curve,,,gtcurve,gtcurve
Road2WayMultilap.png,Valley,Valley,checkpoint,,,checkpoint,checkpoint
Road2WaySlopeBase2x1OnHilll.png,Valley,Valley,elevation,,slope,slope,slope
Road2WaySlopeBaseGTCurve2OnHill.png,Valley,Valley,curve,,slope,gtcurve,gtcurve
Road2WaySlopeBaseGTCurve2OnHillMirror.png,Valley,Valley,curve,,slope,gtcurve,gtcurve
Road2WaySlopeStraight.png,Valley,Valley,straight,,slope,straight,straight
Road2WaySlopeUBottomGround.png,Valley,Valley,elevation,,slope,slope,slope
Road2WaySlopeUTopAir.png,Valley,Valley,elevation,,slope,slope,slope
Road2WayStart.png,Valley,Valley,start_finish,,,start,start
Road2WayStraightSupport.png,Valley,Valley,straight,,up,straight,straight
Road2wayStraightSupportPillar.png,Valley,Valley,straight,,up,straight,straight
Road2WayTetrisCliff3x2.png,Valley,Valley,other,,,,
Road2WayTetrisCliff3x2Mirror.png,Valley,Valley,other,,,,
Road2WayTetrisHill3x2.png,Valley,Valley,elevation,,,slope,slope
Road2WayTetrisHill3x2Mirror.png,Valley,Valley,elevation,,,slope,slope
Road2WayToRoadDirt.png,Valley,Valley,other,,,,
Road2WayTurbo.png,Valley,Valley,special,,,boost,boost
Road2WayTurboDown.png,Valley,Valley,special,,down,boost,boost
Road2WayTurboUp.png,Valley,Valley,special,,up,boost,boost
Road2WayWithBirds.png,Valley,Valley,other,,,,
Road2WayWithoutPole.png,Valley,Valley,other,,,,
Road2WayXRoadDirtLarge.png,Valley,Valley,other,,,,
Road2WayXRoadForestLarge.png,Valley,Valley,other,,,,
Road2Way_Straight_InViaduc.png,Valley,Valley,bridge,,,bridge,bridge
Road4Way.png,Valley,Valley,other,,,,
Road4WayBiSlope.png,Valley,Valley,elevation,,slope,slope,slope
Road4WayBiSlopeEnd.png,Valley,Valley,elevation,,slope,slope,slope
Road4wayBiSlopeStart.png,Valley,Valley,start_finish,,slope,start,start
Road4WayBridgeGrass.png,Valley,Valley,bridge,,,bridge,bridge
Road4WayBridgeGrassCliff2.png,Valley,Valley,bridge,,,bridge,bridge
Road4WayBridgeGrassCliff4.png,Valley,Valley,bridge,,,bridge,bridge
Road4WayBridgeGrassCliff8.png,Valley,Valley,bridge,,,bridge,bridge
Road4WayBridgeGrassHills.png,Valley,Valley,bridge,,,bridge,bridge
Road4WayBumper.png,Valley,Valley,elevation,,,slope,slope
Road4WayCheckpoint.png,Valley,Valley,checkpoint,,,checkpoint,checkpoint
Road4WayCheckpointDown.png,Valley,Valley,checkpoint,,down,checkpoint,checkpoint
Road4WayCheckpointUp.png,Valley,Valley,checkpoint,,up,checkpoint,checkpoint
Road4WayCrossRoad2Way.png,Valley,Valley,other,,,,
Road4wayDiag3.png,Valley,Valley,other,diag,,,
Road4wayDiag3Mirror.png,Valley,Valley,other,diag,,,
Road4wayDiag4.png,Valley,Valley,other,diag,,,
Road4wayDiag4Mirror.png,Valley,Valley,other,diag,,,
Road4WayEntryGrassSlopeBase2.png,Valley,Valley,elevation,,slope,slope,slope
Road4WayFinish.png,Valley,Valley,start_finish,,,start,start
Road4WayFreeLoopEnd.png,Valley,Valley,special,,,loop,loop
Road4WayFreeLoopStart.png,Valley,Valley,start_finish,,,start,start
Road4WayFreeLoopStraight.png,Valley,Valley,special,,,loop,loop
Road4WayFW.png,Valley,Valley,other,,,,
Road4WayGrassCliff2Straight3.png,Valley,Valley,straight,,,straight,straight
Road4WayGTCurve2.png,Valley,Valley,curve,,,gtcurve,gtcurve
Road4WayGTCurve2Slope.png,Valley,Valley,curve,,slope,gtcurve,gtcurve
Road4WayGTCurve2SlopeMirror.png,Valley,Valley,curve,,slope,gtcurve,gtcurve
Road4WayGTCurve3.png,Valley,Valley,curve,,,gtcurve,gtcurve
Road4WayGTCurve3Slope.png,Valley,Valley,curve,,slope,gtcurve,gtcurve
Road4WayGTCurve3SlopeMirror.png,Valley,Valley,curve,,slope,gtcurve,gtcurve
Road4wayGTCurve4.png,Valley,Valley,curve,,,gtcurve,gtcurve
Road4WayHillCurve2.png,Valley,Valley,curve,,,curve,curve
Road4WayHillCurve2Mirror.png,Valley,Valley,curve,,,curve,curve
Road4WayHillStraight2.png,Valley,Valley,straight,,,straight,straight
Road4WayLooping.png,Valley,Valley,special,,,loop,loop
Road4WayLoopingMirror.png,Valley,Valley,special,,,loop,loop
Road4WayMultiLap.png,Valley,Valley,checkpoint,,,checkpoint,checkpoint
Road4WaySlopeBase.png,Valley,Valley,elevation,,slope,slope,slope
Road4WaySlopeFW.png,Valley,Valley,elevation,,slope,slope,slope
Road4WaySlopeStraight.png,Valley,Valley,straight,,slope,straight,straight
Road4WaySlopeUBottom.png,Valley,Valley,elevation,,slope,slope,slope
Road4WaySlopeUTop.png,Valley,Valley,elevation,,slope,slope,slope
Road4WayStart.png,Valley,Valley,start_finish,,,start,start
Road4WayStraightNoLights.png,Valley,Valley,straight,,,straight,straight
Road4WayStraightWithBirds.png,Valley,Valley,straight,,,straight,straight
Road4wayToHighway.png,Valley,Valley,other,,,,
Road4WayToHighwayLeft.png,Valley,Valley,other,left,,,
Road4WayToHighwayNoSign.png,Valley,Valley,decorative,,,deco,deco
Road4WayToHighwayRight.png,Valley,Valley,other,right,,,
Road4WayToRoad2WayCorner.png,Valley,Valley,curve,,,curve,curve
Road4WayToRoad2WayCornerMirror.png,Valley,Valley,curve,,,curve,curve
Road4WayToRoad2WayDiag.png,Valley,Valley,other,diag,,,
Road4WayToRoad2WayDiagMirror.png,Valley,Valley,other,diag,,,
Road4WayToRoad2WayGTCurve2.png,Valley,Valley,curve,,,gtcurve,gtcurve
Road4WayToRoad2WayGTCurve2Mirror.png,Valley,Valley,curve,,,gtcurve,gtcurve
Road4WayToRoad2WayStraight.png,Valley,Valley,straight,,,straight,straight
Road4WayToRoad2WayStraight2x1.png,Valley,Valley,straight,,,straight,straight
Road4WayToRoad2WayStraight2x1Mirror.png,Valley,Valley,straight,,,straight,straight
Road4WayToRoad2WayTShaped.png,Valley,Valley,other,,,,
Road4WayTurbo.png,Valley,Valley,special,,,boost,boost
Road4WayTurboDown.png,Valley,Valley,special,,down,boost,boost
Road4WayTurboUp.png,Valley,Valley,special,,up,boost,boost
Road4wayUbottom.png,Valley,Valley,other,,,,
Road4wayUTop.png,Valley,Valley,other,,,,
RoadCliff2TetrisGTCurve2.png,Valley,Valley,curve,,,gtcurve,gtcurve
RoadCliff2TetrisGTCurve2Mirror.png,Valley,Valley,curve,,,gtcurve,gtcurve
RoadCliffRoadDirtLargeArch2x1.png,Valley,Valley,other,,,,
RoadCliffSlopeEnd.png,Valley,Valley,elevation,,slope,slope,slope
RoadCliffSlopeEndGTCurveIn.png,Valley,Valley,curve,,slope,gtcurve,gtcurve
RoadCliffSlopeEndGTCurveInMirror.png,Valley,Valley,curve,,slope,gtcurve,gtcurve
RoadCliffSlopeEndGTCurveOut.png,Valley,Valley,curve,,slope,gtcurve,gtcurve
RoadCliffSlopeEndGTCurveOutMirror.png,Valley,Valley,curve,,slope,gtcurve,gtcurve
RoadCliffSlopeEndMirror.png,Valley,Valley,elevation,,slope,slope,slope
RoadCliffSlopeStart.png,Valley,Valley,start_finish,,slope,start,start
RoadCliffSlopeStartGTCurveIn.png,Valley,Valley,start_finish,,slope,start,start
RoadCliffSlopeStartGTCurveInMirror.png,Valley,Valley,start_finish,,slope,start,start
RoadCliffSlopeStartGTCurveOut.png,Valley,Valley,start_finish,,slope,start,start
RoadCliffSlopeStartGTCurveOutMirror.png,Valley,Valley,start_finish,,slope,start,start
RoadCliffSlopeStartMirror.png,Valley,Valley,start_finish,,slope,start,start
RoadCliffSlopeUBottom.png,Valley,Valley,elevation,,slope,slope,slope
RoadCliffSlopeUBottomCheckPointLeft.png,Valley,Valley,checkpoint,left,slope,checkpoint,checkpoint
RoadCliffSlopeUBottomCheckPointRight.png,Valley,Valley,checkpoint,right,slope,checkpoint,checkpoint
RoadCliffSlopeUBottomx2.png,Valley,Valley,elevation,,slope,slope,slope
RoadCliffSlopeUTop.png,Valley,Valley,elevation,,slope,slope,slope
RoadCliffSlopeUTopCheckPointLeft.png,Valley,Valley,checkpoint,left,slope,checkpoint,checkpoint
RoadCliffSlopeUTopCheckPointRight.png,Valley,Valley,checkpoint,right,slope,checkpoint,checkpoint
RoadCliffSlopeUTopx2.png,Valley,Valley,elevation,,slope,slope,slope
RoadCliffStraightBumpLeft.png,Valley,Valley,straight,left,,straight,straight
RoadCliffStraightBumpRight.png,Valley,Valley,straight,right,,straight,straight
RoadCliffTetrisCliff3x2.png,Valley,Valley,other,,,,
RoadCliffTetrisCliff3x2Mirror.png,Valley,Valley,other,,,,
RoadCliffTetrisSlopeStraight3x3.png,Valley,Valley,straight,,slope,straight,straight
RoadCliffUBottomGT2In.png,Valley,Valley,other,,,,
RoadCliffUBottomGT2Out.png,Valley,Valley,other,,,,
RoadDirt.png,Valley,Valley,other,,,,
RoadDirtCheckpoint.png,Valley,Valley,checkpoint,,,checkpoint,checkpoint
RoadDirtCornerSign.png,Valley,Valley,curve,,,curve,curve
RoadDirtDeadendLakeJump.png,Valley,Valley,ramp,,,jump,jump
RoadDirtDeadendLakeJump2.png,Valley,Valley,ramp,,,jump,jump
RoadDirtDiag2x2.png,Valley,Valley,other,diag,,,
RoadDirtDiag2x2Lake.png,Valley,Valley,other,diag,,,
RoadDirtDiag2x2LakeMirror.png,Valley,Valley,other,diag,,,
RoadDirtDiag2x2Mirror.png,Valley,Valley,other,diag,,,
RoadDirtDiag2x2Pond.png,Valley,Valley,other,diag,,,
RoadDirtDiag2x2PondMirror.png,Valley,Valley,other,diag,,,
RoadDirtGTCurve2.png,Valley,Valley,curve,,,gtcurve,gtcurve
RoadDirtGTCurve2Lake.png,Valley,Valley,curve,,,gtcurve,gtcurve
RoadDirtGTCurve2Pond.png,Valley,Valley,curve,,,gtcurve,gtcurve
RoadDirtNoTree.png,Valley,Valley,decorative,,,deco,deco
RoadDirtRiverCrossDeepStraightx2.png,Valley,Valley,straight,,,straight,straight
RoadDirtRiverCrossDeepStraightx2Mirror.png,Valley,Valley,straight,,,straight,straight
RoadDirtRiverCrossDiag3x2.png,Valley,Valley,other,diag,,,
RoadDirtRiverCrossDiag3x2Mirror.png,Valley,Valley,other,diag,,,
RoadDirtRiverCrossStraight.png,Valley,Valley,straight,,,straight,straight
RoadDirtToFieldEntry.png,Valley,Valley,other,,,,
RoadDirt_Straight_InViaducPillar.png,Valley,Valley,bridge,,,bridge,bridge
RoadForestLargeBump.png,Valley,Valley,elevation,,,slope,slope
RoadForestLargeCheckpoint.png,Valley,Valley,checkpoint,,,checkpoint,checkpoint
RoadForestLargeCorner.png,Valley,Valley,curve,,,curve,curve
RoadForestLargeCornerSignBarrier.png,Valley,Valley,curve,,,curve,curve
RoadForestLargeCross.png,Valley,Valley,other,,,,
RoadForestLargeDeadend.png,Valley,Valley,other,,,,
RoadForestLargeDiag2.png,Valley,Valley,other,diag,,,
RoadForestLargeDiag2Mirror.png,Valley,Valley,other,diag,,,
RoadForestLargeFinish.png,Valley,Valley,start_finish,,,start,start
RoadForestLargeFW.png,Valley,Valley,other,,,,
RoadForestLargeGTCurve2.png,Valley,Valley,curve,,,gtcurve,gtcurve
RoadForestLargeGTCurve2Slope.png,Valley,Valley,curve,,slope,gtcurve,gtcurve
RoadForestLargeGTCurve2SlopeMirror.png,Valley,Valley,curve,,slope,gtcurve,gtcurve
RoadForestLargeMultilap.png,Valley,Valley,checkpoint,,,checkpoint,checkpoint
RoadForestLargeSlope.png,Valley,Valley,elevation,,slope,slope,slope
RoadForestLargeSlopeCornerUturn.png,Valley,Valley,curve,,slope,curve,curve
RoadForestLargeSlopeX2.png,Valley,Valley,elevation,,slope,slope,slope
RoadForestLargeStart.png,Valley,Valley,start_finish,,,start,start
RoadForestLargeStartLoop.png,Valley,Valley,start_finish,,,start,start
RoadForestLargeStraight.png,Valley,Valley,straight,,,straight,straight
RoadForestLargeStraightBarrier.png,Valley,Valley,straight,,,straight,straight
RoadForestLargeStraightNarrow.png,Valley,Valley,straight,,,straight,straight
RoadForestLargeStraightObstacle.png,Valley,Valley,straight,,,straight,straight
RoadForestLargeStraightWithBirds.png,Valley,Valley,straight,,,straight,straight
RoadForestLargeToRoadDirt.png,Valley,Valley,other,,,,
RoadForestLargeTurbo.png,Valley,Valley,special,,,boost,boost
TechnicsLightsFront.png,Valley,Valley,other,,,,
TechnicsScreen1x2.png,Valley,Valley,decorative,,,deco,deco
TechnicsScreen1x2Mirror.png,Valley,Valley,decorative,,,deco,deco
TechnicsScreen1x2Pillar.png,Valley,Valley,decorative,,,deco,deco
TechnicsScreenBig1x2Front.png,Valley,Valley,decorative,,,deco,deco
TechnicsScreenLong1x2.png,Valley,Valley,decorative,,,deco,deco
TunnelEntryGrassCliff2.png,Valley,Valley,tunnel,,,tunnel,tunnel
TunnelEntryGrassCliff4.png,Valley,Valley,tunnel,,,tunnel,tunnel
TunnelEntryGrassCliff4_1.png,Valley,Valley,tunnel,,,tunnel,tunnel
TunnelEntryGrassCliff8.png,Valley,Valley,tunnel,,,tunnel,tunnel
TunnelEntryGrassCliff8_1.png,Valley,Valley,tunnel,,,tunnel,tunnel
TunnelEntryGrassCliff8_2.png,Valley,Valley,tunnel,,,tunnel,tunnel
TunnelEntryGrassCliff8_3.png,Valley,Valley,tunnel,,,tunnel,tunnel
TunnelEntryRoad4WayGrassCliff2.png,Valley,Valley,tunnel,,,tunnel,tunnel
TunnelEntryRoad4WayGrassCliff4.png,Valley,Valley,tunnel,,,tunnel,tunnel
TunnelEntryRoad4WayGrassCliff4_1.png,Valley,Valley,tunnel,,,tunnel,tunnel
TunnelEntryRoad4WayGrassCliff8.png,Valley,Valley,tunnel,,,tunnel,tunnel
TunnelEntryRoad4WayGrassCliff8_1.png,Valley,Valley,tunnel,,,tunnel,tunnel
TunnelEntryRoad4WayGrassCliff8_2.png,Valley,Valley,tunnel,,,tunnel,tunnel
TunnelEntryRoad4WayGrassCliff8_3.png,Valley,Valley,tunnel,,,tunnel,tunnel
TunnelGTCurve4.png,Valley,Valley,tunnel,,,tunnel,tunnel
TunnelHighwayFW.png,Valley,Valley,tunnel,,,tunnel,tunnel
TunnelHighwayGTCurve2.png,Valley,Valley,tunnel,,,tunnel,tunnel
TunnelHighwayGTCurve3.png,Valley,Valley,tunnel,,,tunnel,tunnel
TunnelHighwaySwitch.png,Valley,Valley,tunnel,,,tunnel,tunnel
TunnelHighwaySwitchLeft.png,Valley,Valley,tunnel,left,,tunnel,tunnel
TunnelHighwaySwitchRight.png,Valley,Valley,tunnel,right,,tunnel,tunnel
TunnelHighwayTurbo.png,Valley,Valley,special,,,boost,boost
TunnelRoad4wayBiSlopeEnd.png,Valley,Valley,tunnel,,slope,tunnel,tunnel
TunnelRoad4wayBiSlopeStart.png,Valley,Valley,start_finish,,slope,start,start
TunnelRoad4wayCheckpoint.png,Valley,Valley,checkpoint,,,checkpoint,checkpoint
TunnelRoad4wayCheckpointDown.png,Valley,Valley,checkpoint,,down,checkpoint,checkpoint
TunnelRoad4wayCheckpointUp.png,Valley,Valley,checkpoint,,up,checkpoint,checkpoint
TunnelRoad4wayCorner.png,Valley,Valley,tunnel,,,tunnel,tunnel
TunnelRoad4wayCross.png,Valley,Valley,tunnel,,,tunnel,tunnel
TunnelRoad4wayFinish.png,Valley,Valley,start_finish,,,start,start
TunnelRoad4WayFW.png,Valley,Valley,tunnel,,,tunnel,tunnel
TunnelRoad4WayFWUD.png,Valley,Valley,tunnel,,,tunnel,tunnel
TunnelRoad4wayGTCurve2.png,Valley,Valley,tunnel,,,tunnel,tunnel
TunnelRoad4wayGTCurve3.png,Valley,Valley,tunnel,,,tunnel,tunnel
TunnelRoad4wayGTCurve3Slope.png,Valley,Valley,tunnel,,slope,tunnel,tunnel
TunnelRoad4wayGTCurve3SlopeMirror.png,Valley,Valley,tunnel,,slope,tunnel,tunnel
TunnelRoad4waySlopeBase.png,Valley,Valley,tunnel,,slope,tunnel,tunnel
TunnelRoad4waySlopeBaseX2.png,Valley,Valley,tunnel,,slope,tunnel,tunnel
TunnelRoad4waySlopeStraight.png,Valley,Valley,tunnel,,slope,tunnel,tunnel
TunnelRoad4wayStraight.png,Valley,Valley,tunnel,,,tunnel,tunnel
TunnelRoad4wayToHighway.png,Valley,Valley,tunnel,,,tunnel,tunnel
TunnelRoad4WayToHighWayLeft.png,Valley,Valley,tunnel,left,,tunnel,tunnel
TunnelRoad4WayToHighWayRight.png,Valley,Valley,tunnel,right,,tunnel,tunnel
TunnelRoad4WayTurbo.png,Valley,Valley,special,,,boost,boost
TunnelRoad4WayTurboDown.png,Valley,Valley,special,,down,boost,boost
TunnelRoad4WayTurboUp.png,Valley,Valley,special,,up,boost,boost
TunnelStraight.png,Valley,Valley,tunnel,,,tunnel,tunnel
ViaducArchStraightX3.png,Valley,Valley,bridge,,,bridge,bridge
ViaducArchStraightX5.png,Valley,Valley,bridge,,,bridge,bridge
ViaducCheckpoint.png,Valley,Valley,checkpoint,,,checkpoint,checkpoint
ViaducCheckpointSlopeDown.png,Valley,Valley,checkpoint,,down,checkpoint,checkpoint
ViaducCheckpointSlopeUp.png,Valley,Valley,checkpoint,,up,checkpoint,checkpoint
ViaducCurve2.png,Valley,Valley,bridge,,,bridge,bridge
ViaducCurve3.png,Valley,Valley,bridge,,,bridge,bridge
ViaducCurve4.png,Valley,Valley,bridge,,,bridge,bridge
ViaducPillarCurve2.png,Valley,Valley,bridge,,,bridge,bridge
ViaducPillarCurve3.png,Valley,Valley,bridge,,,bridge,bridge
ViaducPillarCurve4.png,Valley,Valley,bridge,,,bridge,bridge
ViaducPillarStraight.png,Valley,Valley,bridge,,,bridge,bridge
ViaducStraight.png,Valley,Valley,bridge,,,bridge,bridge
ViaducToRoad2WayGrassCliff.png,Valley,Valley,bridge,,,bridge,bridge
ViaducToRoad2WayGrassCliff2.png,Valley,Valley,bridge,,,bridge,bridge
ViaducToRoad2WayGrassCliff4.png,Valley,Valley,bridge,,,bridge,bridge
ViaducToRoad2WayGrassCliff8.png,Valley,Valley,bridge,,,bridge,bridge
ViaducToRoad2Way_Slope2Start2x2x1_Ground.png,Valley,Valley,start_finish,,slope,start,start
ViaducToRoadDirt.png,Valley,Valley,bridge,,,bridge,bridge
ViaducToRoadDirtGrassCliff2.png,Valley,Valley,bridge,,,bridge,bridge
ViaducToRoadDirtGrassCliff4.png,Valley,Valley,bridge,,,bridge,bridge
ViaducToRoadDirtGrassCliff8.png,Valley,Valley,bridge,,,bridge,bridge
ViaducToRoadForestLarge.png,Valley,Valley,bridge,,,bridge,bridge
ViaducToRoadForestLargeGrassCliff2.png,Valley,Valley,bridge,,,bridge,bridge
ViaducToRoadForestLargeGrassCliff4.png,Valley,Valley,bridge,,,bridge,bridge
ViaducToRoadForestLargeGrassCliff8.png,Valley,Valley,bridge,,,bridge,bridge
ViaducToRoadForestLarge_Slope2Start2x2x1_Ground.png,Valley,Valley,start_finish,,slope,start,start
Viaduc_Slope2End2x2x1_Air.png,Valley,Valley,bridge,,slope,bridge,bridge
Viaduc_Slope2End_Air.png,Valley,Valley,bridge,,slope,bridge,bridge
Viaduc_Slope2Start2x2x1_Air.png,Valley,Valley,start_finish,,slope,start,start
Viaduc_Slope2Start_Air.png,Valley,Valley,start_finish,,slope,start,start
Viaduc_Slope2Straight_Air.png,Valley,Valley,bridge,,slope,bridge,bridge
Viaduc_Slope2UBottom_Air.png,Valley,Valley,bridge,,slope,bridge,bridge
Viaduc_Slope2UTop_Air.png,Valley,Valley,bridge,,slope,bridge,bridge
Viaduc_SlopeBase2x1_Air.png,Valley,Valley,bridge,,slope,bridge,bridge
Viaduc_SlopeBase_Air.png,Valley,Valley,bridge,,slope,bridge,bridge
Viaduc_Straight_InViaduc.png,Valley,Valley,bridge,,,bridge,bridge
Viaduc_ToRoad2Way_Air.png,Valley,Valley,bridge,,,bridge,bridge
